run,pixel,Bias Voltage,Proton,Proton Energy,Cd109,Sn113,Date Time [UTC],trap rise,trap length,trap decay,ecap,chi2_e,xray,chi2_x,CE,Xray,CE hist,Xray hist
1395,76,-90,False,0,False,True,2022-02-03 20:25,1250,50,1250,"[9.23879576e+00 5.96138014e+02 7.38629703e+00 2.38852184e-02
 2.26503607e-01 2.04668506e-04 2.22647249e-01]",0.21929226424332532,"[ 2.78345102e+03  0.00000000e+00  2.09939738e+01 -2.04767451e+02
  9.82539913e+00 -1.34353752e+00 -1.38559164e+03  9.48311196e+00
  1.59843637e+01 -6.47729872e+06  6.47730240e+06 -3.33266375e-02
  8.69100106e-05]",59.77269212290888,1,4,"[ 0  0  1  1  1  0  2  0  0  0  0  1  1  0  0  1  0  0  1  0  0  0  1  1
  0  0  2  3  0  0  0  0  1  0  0  0  0  1  0  0  0  0  1  0  0  1  1  0
  0  0  0  1  0  0  1  1  0  0  2  0  0  1  1  0  0  0  0  0  0  0  0  0
  0  0  0  0  0  1  0  0  1  0  0  1  1  0  0  0  1  0  0  0  0  0  0  0
  0  0  0  0  0  0  0  0  1  0  1  1  0  0  0  0  0  0  0  0  0  1  0  0
  0  0  2  0  0  0  0  1  0  0  1  0  1  0  1  1  0  0  0  0  0  0  0  0
  0  0  0  0  0  0  0  0  0  1  0  0  0  0  0  0  0  0  0  0  0  0  0  1
  0  0  1  0  0  0  2  0  0  1  0  0  0  0  1  0  1  0  0  1  0  0  0  1
  0  0  0  0  2  1  0  0  0  0  0  1  0  0  0  0  0  1  0  0  0  1  0  0
  1  0  1  0  0  2  0  0  3  0  0  1  0  1  0  0  1  0  0  1  0  0  0  0
  1  0  1  1  0  0  0  0  0  0  0  0  0  0  1  0  0  3  0  0  0  1  0  1
  0  1  0  0  0  0  1  0  0  1  2  1  0  1  1  0  1  3  0  2  2  2  4  4
  3  2  5  3 12  7  8 11  8  7  8  8 11  5  4  4  0  2  1  0  0  0  0  0
  0  0  0  0  1  2  0  0  2  0  0  0  0  0  1  1  0  2  0  1  1  0  2  1
  1  0  1  2  1  1  2  1  1  1  0  0  0  0  0  3  0  0  0  0  0  0  0  0
  0  0  0  0  0  0  0  0  0  0  0  0  0  0  0  0  0  0  0  0  0  0  0  0
  0  0  0  0  0  0  0  0  0  0  0  0  0  0  0  1  0  0  0  0  0  0  0  0
  0  0  0  0  0  0  0  0  0  0  0  0  0  0  0  0  0  0  0  0  0  0  0  0
  0  0  0  0  0  0  0  0  0  0  0  0  0  0  0  0  0  0  0  0  0  0  0  0
  0  0  0  0  0  0  0  0  0  0  0  0  0  0  0  0  0  0  0  0  0  0  0  0
  0  0  0  0  0  0  0  0  0  0  0  0  0  0  0  0  0  0  0  0  0  0  0  0
  0  0  0  0  0  0  0  0  0  0  0  0  0  0  0  0  0  0  0  0  0  0  0  0
  0  0  0  0  0  0  0  0  0  0  0  0  1  0  0  0  0  0  0  0  0  0  0  0
  0  0  0  0  0  0  0  0  0  0  0  0  0  0  0  0  0  0  0  0  0  0  0  0
  0  0  0  0  0  0  0  0  0  0  0  0  0  0  0  0  0  0  0  0  0  0  0  0
  0  0  0  0  0  0  0  0  0  0  0  0  0  0  0  0  0  0  0  0  0  0  0  0
  0  0  0  0  0  0  0  0  0  0  0  0  0  0  0  0  0  0  0  0  0  0  0  0
  0  0  0  0  0  0  0  0  0  0  0  0  0  0  0  0  0  0  0  0  0  0  0  0
  0  0  0  0  0  0  0  0  0  0  0  0  0  0  0  0  0  0  0  0  0  0  0  0
  0  0  0  1  0  0  0  0  0  0  0  0  0  0  0  0  0  0  0  0  1  0  0  0
  0  0  0  0  0  0  0  0  0  0  0  0  0  0  0  0  0  0  0  0  0  0  0  0
  0  0  0  0  0  0  1  0  0  0  0  0  0  0  0  0  0  0  0  0  0  0  0  0
  0  0  0  0  0  0  0  0  0  0  0  0  0  0  0  0  0  0  0  0  0  0  0  0
  0  0  0  0  0  0  0  0  0  0  0  0  0  0  0  0  0  0  0  0  0  0  0  0
  0  0  0  0  0  0  0  0  0  0  0  0  0  0  0  0  0  0  0  0  1  0  0  0
  0  0  0  0  0  0  0  0  0  0  0  0  0  0  0  0  0  0  0  0  0  0  0  1
  0  0  0  0  0  0  0  0  0  0  0  0  0  0  0  0  0  0  0  0  0  0  0  0
  0  0  0  0  0  0  0  0  0  0  0  0  0  0  0  0  0  0  0  0  0  0  0  0
  0  0  0  0  0  0  0  0  0  1  0  0  0  0  0  0  0  0  0  0  0  0  0  0
  0  0  0  0  0  0  0  0  0  0  0  0  0  0  0  0  0  0  0  0  0  0  0  0
  0  1  0  0  0  0  0  0  1  0  0  0  0  0  0  0  0  0  0  0  0  0  0  0
  0  0  0  0  0  0  0  0  0  0  0  0  0  0  0  0  0  0  0  0  0  0  0  0
  0  0  0  0  0  0  0  0  0  0  0  0  0  0  0  0  0  0  0  0  0  0  0  0
  0  0  0  0  0  0  0  0  0  0  0  0  0  0  0  0  0  0  0  0  0  0  0  0
  0  0  0  0  0  0  0  0  0  0  0  0  0  0  0  0  0  0  0  0  0  0  0  0
  0  0  0  0  0  0  0  0  0  0  0  0  0  0  0  0  0  0  0]","[920 845 628 423 352 379 341 300 221 142  74  31  33  20  26  18  19  15
  27   6  16  10  11   8   9   8  14  33  32  28  28  48  39  31  37  47
  33  24  22  25  18  13   2   8   7   6   0   4   1   1   0   1   1   2
   1   1   2   3   3   2   2   2   1   2   3   2   1   2   3   0   0   0
   0   1   3   1   0   1   0   3   1   2   0   2   2   1   0   2   3   2
   5   1   0   1   0   1   0   2   2   1   1   1   1   1   2   2   0   0
   4   1   0   0   0   1   1   0   0   1   0   1   1   3   0   0   3   1
   0   0   1   0   1   1   0   1   2   0   1   2   0   0   1   1   3   2
   0   1   0   0   2   1   0   0   1   1   0   1   1   0   1   1   0   0
   1   0   0   0   2   0   0   0   2   0   1   1   2   1   1   1   0   1
   0   0   0   0   0   0   0   1   0   0   0   1   0]"
1395,77,-90,False,0,False,True,2022-02-03 20:25,1250,50,1250,"[ 1.50828567e+01  6.00279596e+02  6.04400058e+00 -3.22320513e+00
  3.34639846e+00  3.15052448e-04  3.60017902e+00]",0.24131160192642748,"[ 1.35006095e+03  0.00000000e+00  9.00812459e+00  2.90105457e+02
 -3.60902808e+03 -1.03460423e+03 -1.29394798e+01  6.06049213e+01
 -1.08033620e+01  1.82204162e+07 -1.82203756e+07 -5.56148003e-01
  1.85725988e-03]",119.83246174150682,1,4,"[ 1  0  0  0  0  0  0  0  0  0  0  1  0  0  1  1  0  0  0  1  0  0  0  0
  0  2  0  0  0  0  0  1  0  0  0  0  0  0  0  0  0  1  0  0  0  0  2  1
  1  0  0  0  0  0  0  0  0  0  0  0  0  1  1  0  0  0  0  0  1  0  0  0
  0  3  0  0  0  0  0  1  1  0  0  1  1  2  0  2  0  0  1  0  0  0  0  0
  1  0  1  0  0  0  0  0  0  0  0  0  1  0  0  0  0  0  1  1  0  0  0  0
  0  0  1  0  0  1  0  0  0  0  0  0  0  0  0  0  0  2  0  0  0  0  1  0
  0  0  0  0  0  0  0  0  1  1  1  0  0  0  0  0  0  0  0  0  0  1  0  0
  0  0  0  0  0  0  0  0  1  0  0  0  0  0  1  0  0  0  0  0  0  2  0  0
  0  0  0  0  0  0  0  0  0  0  0  1  0  0  0  0  1  1  0  1  0  0  1  0
  0  1  0  1  0  0  0  0  0  0  0  0  0  0  1  0  0  0  1  0  1  0  0  2
  0  1  0  0  0  1  0  1  0  0  0  0  1  0  1  0  2  0  0  1  0  0  0  0
  0  0  1  0  0  0  0  0  0  0  0  0  2  0  2  0  0  2  0  1  2  1  1  2
  2  0  1  1  4  1  1  6 12  8  9 13  9 14 11  5  5  4  6  6  4  1  1  0
  2  0  0  0  0  0  0  0  0  1  0  0  0  1  2  0  0  0  0  0  0  1  0  1
  1  0  0  2  0  3  1  3  3  5  2  0  1  0  1  0  1  0  0  0  0  0  0  0
  0  0  0  0  0  0  0  0  0  0  0  0  0  0  0  0  0  0  0  0  0  0  0  0
  0  0  0  0  0  0  0  0  0  0  0  0  0  0  0  0  0  0  0  0  0  0  0  0
  0  0  0  0  0  0  0  0  0  0  0  0  0  0  0  0  0  0  0  0  0  0  1  0
  0  0  0  0  0  0  0  0  0  0  0  0  0  0  0  0  0  0  0  0  0  0  0  0
  0  0  0  0  0  0  0  0  0  0  0  0  0  0  0  0  0  0  0  0  0  0  0  0
  0  0  0  0  0  0  0  0  0  0  0  0  0  0  0  0  0  0  0  0  0  0  0  0
  0  0  0  0  0  0  0  0  0  0  0  0  0  0  0  0  0  0  0  0  0  0  0  0
  0  0  0  0  0  0  0  0  0  1  0  0  1  0  2  0  0  0  0  0  0  0  0  0
  0  0  0  0  0  0  0  0  0  0  0  0  0  0  0  0  0  0  0  0  0  0  0  0
  0  0  0  0  0  0  0  0  0  0  0  0  0  0  0  0  0  0  0  0  0  0  0  0
  0  0  0  0  0  0  0  0  0  0  0  1  0  0  0  0  0  0  0  0  0  0  0  0
  0  0  0  0  0  0  0  0  0  0  0  0  0  0  0  0  0  1  0  0  0  0  0  0
  0  0  0  0  0  0  0  0  0  0  0  0  0  0  0  0  0  0  0  0  0  0  0  0
  0  0  0  0  0  0  0  0  0  0  0  0  0  0  0  0  0  0  0  0  0  0  0  0
  0  0  0  0  0  0  0  0  0  0  0  0  0  0  0  0  0  0  0  0  0  0  0  0
  0  0  0  0  0  0  0  0  0  0  0  0  0  0  0  0  0  0  0  0  0  0  0  0
  0  1  0  0  0  0  0  0  0  1  0  1  0  0  0  0  0  0  0  0  0  0  0  1
  0  0  0  0  0  0  0  0  0  0  0  0  0  0  0  0  0  0  0  0  0  0  0  0
  0  0  0  0  0  0  0  0  0  0  1  0  1  0  0  0  0  0  0  0  0  0  0  0
  0  0  0  0  0  0  0  0  0  0  0  0  0  0  0  0  0  0  0  0  0  0  0  0
  0  0  0  0  0  0  0  0  0  0  0  0  0  0  0  0  0  0  0  0  0  0  0  0
  0  1  0  0  0  0  0  0  0  0  0  0  0  0  0  0  0  0  0  0  0  0  0  0
  0  0  0  0  0  0  0  0  0  0  0  0  0  0  0  0  0  0  0  0  0  0  0  0
  0  0  0  0  0  0  0  0  0  0  0  0  0  0  0  0  0  0  0  0  0  0  0  0
  0  0  0  0  0  0  0  0  0  0  0  0  0  0  0  0  0  0  0  0  0  0  0  0
  0  0  0  0  0  0  0  0  0  0  0  0  0  0  0  0  0  0  0  0  0  0  0  0
  0  0  0  0  0  0  0  0  0  0  0  0  0  0  0  0  0  0  0  0  0  0  0  0
  0  0  0  0  0  0  0  0  0  0  0  0  0  0  0  0  0  0  0  0  0  0  0  0
  0  0  0  0  0  0  0  0  0  0  0  0  0  0  0  0  0  0  0  0  0  0  0  0
  0  0  0  0  0  0  0  0  0  0  0  0  0  0  0  0  0  0  0  0  0  0  0  0
  0  0  0  0  0  0  0  0  0  0  0  0  0  0  0  0  0  0  0]","[808 777 617 430 321 283 254 208 177 124  72  36  42  52  23  27  36  26
  34  32  18  23  20  13   7  14  13  18  31  27  21  41  33  39  46  45
  25  20  28  16  14  18  12   7   6   2  14   4   7   4   4   0   1   2
   1   0   1   2   1   3   6   4   0   2   3   4   1   5   5   0   5   2
   2   1   8   3   4   1   0   2   5   6   1   2   1   1   0   2   5   0
   0   1   2   0   1   1   0   1   3   6   3   1   2   1   3   3   0   0
   1   0   0   0   2   1   2   2   1   4   3   0   4   1   1   0   1   0
   0   0   1   0   2   2   0   3   2   0   0   1   1   4   1   1   0   0
   0   0   1   0   1   0   0   0   0   0   1   0   1   0   3   0   3   0
   0   0   0   0   1   0   0   0   2   0   0   0   0   0   1   2   0   0
   2   1   1   0   0   1   0   1   1   0   3   0   0]"
1395,78,-90,False,0,False,True,2022-02-03 20:25,1250,50,1250,"[ 4.52108233e+00  6.00495609e+02  6.99560280e+00 -1.53622522e+00
  1.82996153e+00  1.29781553e-04  1.70926993e+00]",0.17122184671322654,"[ 7.35642626e+02  0.00000000e+00  1.37921441e+01 -9.63777727e+01
  1.82337529e+01  2.98590316e+00  2.05482598e+01  3.76020101e+01
  8.32979745e+00 -6.47619754e+06  6.47620071e+06 -2.24476779e-02
  4.26694406e-05]",13.115885940952905,1,4,"[0 0 0 0 2 0 0 0 1 1 0 1 1 0 0 1 4 0 0 0 0 0 0 0 0 3 0 0 0 2 1 0 2 1 0 0 0
 0 1 0 0 0 1 0 0 0 0 0 0 0 0 0 1 0 0 0 0 0 0 0 0 1 0 0 0 0 1 0 0 1 0 0 1 0
 0 0 0 0 0 0 0 0 0 0 0 0 0 2 1 0 0 0 1 1 1 0 0 1 1 0 0 0 0 0 0 1 2 0 0 1 0
 1 0 0 0 1 0 0 1 1 0 0 0 0 0 0 1 0 0 0 2 1 1 0 0 0 0 0 1 0 0 1 0 1 1 0 0 0
 1 1 0 0 0 0 0 0 0 0 0 0 0 0 1 1 0 0 0 0 0 0 1 3 0 0 1 0 0 1 1 0 0 1 0 0 0
 0 0 0 0 0 0 0 0 2 0 0 0 1 0 0 0 0 0 1 0 0 0 0 0 1 1 1 0 0 0 0 0 1 1 0 0 1
 1 1 0 0 0 0 0 1 0 0 0 0 0 1 0 0 1 1 0 0 0 0 0 0 0 0 0 0 0 0 0 1 0 0 2 0 0
 0 0 1 1 0 0 1 0 0 0 2 0 1 1 0 1 1 0 1 0 2 0 0 1 1 1 0 0 2 0 0 1 1 3 4 0 1
 1 2 2 1 5 3 4 2 1 1 0 2 3 0 0 0 0 0 0 0 0 0 0 0 0 1 1 0 0 0 0 0 0 1 0 1 0
 0 0 0 1 2 3 0 0 0 3 0 2 1 0 1 1 0 0 0 0 0 0 0 0 0 0 0 0 0 0 0 0 0 0 0 0 0
 0 0 0 0 0 0 0 0 0 0 0 0 0 0 0 0 0 0 0 0 0 1 0 0 0 0 0 0 0 0 0 0 1 1 0 0 0
 0 0 0 0 0 0 0 0 0 0 0 0 0 0 0 0 0 0 0 0 0 0 0 0 0 0 0 0 0 0 0 0 0 0 0 0 0
 0 0 0 0 0 0 0 0 0 0 0 0 0 0 0 0 0 0 0 0 0 0 0 0 0 0 0 0 0 0 0 0 0 0 0 0 0
 0 0 0 0 0 0 0 0 0 0 0 0 0 0 0 0 0 0 0 0 0 0 0 0 0 0 0 0 0 0 0 0 0 0 0 0 0
 0 0 1 0 0 0 0 0 0 0 0 0 0 0 0 0 0 0 0 0 0 0 0 0 0 0 0 0 0 0 0 0 0 0 0 0 0
 0 0 0 0 0 0 0 0 0 0 0 0 0 0 0 0 0 0 0 0 0 0 0 0 0 1 0 0 0 0 0 0 0 0 0 0 0
 0 0 0 0 0 0 0 0 0 0 0 0 0 0 0 0 0 0 0 0 0 0 0 0 0 0 0 0 0 0 0 0 0 0 0 0 0
 0 0 0 0 0 0 0 0 0 0 0 0 0 0 0 0 0 0 0 0 0 0 0 0 0 0 0 0 0 0 0 0 0 0 0 0 0
 0 0 0 0 0 0 0 0 0 0 0 0 0 0 0 0 0 0 0 0 0 0 0 0 0 0 0 0 0 0 0 0 0 0 0 0 0
 0 0 0 0 0 0 0 0 0 0 0 0 0 0 0 0 2 0 0 0 0 0 0 0 0 0 0 0 0 0 0 0 0 0 0 0 0
 0 0 0 0 0 0 0 0 0 0 0 0 0 0 0 0 0 0 0 0 0 0 0 0 0 0 0 0 0 0 0 0 0 1 0 0 0
 0 0 0 0 0 0 0 0 0 0 0 0 0 0 0 0 0 0 0 0 0 0 0 0 0 0 1 0 1 0 0 0 0 0 0 0 0
 0 0 0 0 0 0 0 0 0 0 0 0 0 0 0 0 0 0 0 0 0 0 0 0 0 0 0 0 1 0 0 0 0 0 0 0 0
 0 0 0 0 1 0 0 0 0 0 0 0 0 0 0 0 0 0 0 0 0 0 0 0 0 0 0 0 0 0 0 0 0 0 0 0 0
 0 0 0 0 0 0 0 0 0 0 0 0 0 0 0 0 0 0 0 0 0 0 0 0 0 0 0 0 0 0 0 0 0 0 0 0 0
 1 0 0 0 0 0 0 0 0 0 0 0 0 0 0 0 0 0 0 0 0 0 0 0 0 0 0 0 0 0 0 0 0 0 0 0 0
 0 0 0 0 0 0 0 0 0 0 0 0 0 0 0 0 0 0 1 0 0 0 0 0 0 0 0 0 0 0 0 0 0 0 0 0 0
 0 0 0 0 0 0 0 0 0 0 0 0 0 0 0 0 0 0 0 0 0 0 0 0 0 2 0 0 0 0 0 0 0 0 0 0 0
 0 0 0 0 0 0 0 0 0 0 0 0 0 0 0 0 0 0 0 0 0 0 0 0 0 1 0 0 0 0 0 0 0 0 0 0 0
 0 0 0 0 0 0 0 0 0 0 0 0 0 0 0 0 0 0 0 0 0 0 0 0 0 0]","[263 248 173  98  56  31  32  29  25  51  29  42  25  29  17  28  16  12
  22  22  26  18  27  14  28  18  31  23  22  20  30  22   9   9  10   8
   7   5   5   4   5   2   1   1   3   2   5   4   5   2   2   2   3   5
   3   3   3   0   4   0   0   2   4   2   0   5   0   2   2   3   2   5
   3   0   4   1   0   0   2   0   0   1   2   1   1   0   1   2   0   2
   1   2   1   0   0   2   0   1   1   0   1   2   0   0   5   0   2   0
   2   0   0   0   1   0   1   1   3   0   0   0   1   0   0   1   2   0
   2   0   2   1   1   1   0   3   1   1   1   0   0   0   1   0   1   1
   1   0   0   1   1   0   0   1   0   1   0   1   3   2   1   0   1   0
   0   1   4   0   0   0   0   0   1   0   0   0   1   2   0   1   1   1
   0   0   1   0   0   0]"
1395,87,-90,False,0,False,True,2022-02-03 20:25,1250,50,1250,"[ 4.98823875e+00  5.98443436e+02  8.94341019e+00 -8.07733455e-02
  3.74667946e-01  1.82788369e-04  3.01814206e-01]",0.2771096919750361,[0. 0. 0. 0. 0. 0. 0. 0. 0. 0.],0.0,1,3,"[ 1  1  0  0  0  0  0  0  0  1  0  0  0  0  0  2  0  0  1  1  0  0  0  0
  0  0  0  0  0  2  1  0  0  0  0  1  0  0  1  0  2  0  0  1  1  0  0  0
  0  0  0  0  0  0  0  0  0  0  0  0  0  2  0  0  0  0  0  0  0  0  2  1
  0  2  0  0  0  0  0  0  0  0  0  0  0  0  0  0  1  2  0  0  0  0  0  0
  0  0  0  1  2  0  0  2  0  0  0  1  0  0  0  0  1  0  0  0  0  0  0  3
  0  1  1  1  0  0  2  0  0  0  0  0  0  0  0  0  0  0  0  0  0  1  1  0
  0  0  1  0  1  0  0  0  1  1  1  1  1  0  0  0  0  1  0  0  0  0  0  0
  0  0  0  0  0  0  0  1  1  0  0  0  0  1  0  2  0  0  0  0  1  1  0  0
  0  0  0  0  1  0  0  0  0  1  1  0  0  0  0  0  0  2  0  1  0  1  1  1
  0  1  0  0  0  0  1  0  0  2  0  0  0  0  0  1  0  0  0  1  2  1  0  0
  0  0  0  0  0  0  0  1  0  2  0  0  0  0  2  0  1  0  0  1  2  1  0  0
  0  0  0  1  0  0  5  0  0  0  0  3  1  3  1  1  1  1  2  0  0  0  2  4
  2  3  2  2  3  2  6  6  2  6  2  2  5 10  2  9  2  0  2  1  2  0  0  0
  1  0  0  0  0  0  0  0  0  0  1  1  0  1  1  1  1  1  0  1  0  0  3  1
  0  0  2  0  2  1  0  0  0  0  1  0  0  0  1  0  0  0  0  0  0  0  0  0
  0  0  0  0  0  0  2  0  0  0  0  0  0  0  0  0  0  0  1  0  0  0  0  0
  0  0  0  0  0  0  0  0  0  0  0  0  0  0  0  0  0  0  0  0  0  0  0  0
  0  0  0  0  0  0  0  0  0  0  0  0  0  0  0  0  0  0  0  0  0  0  0  0
  0  0  0  0  0  0  0  0  0  0  0  0  0  0  0  0  0  0  0  0  0  0  0  0
  0  0  0  0  0  0  0  0  0  0  0  0  0  0  0  0  0  0  0  0  0  0  0  0
  0  0  0  0  0  0  0  0  0  0  0  0  0  0  0  0  0  0  0  0  0  0  0  0
  0  0  0  0  0  0  0  0  0  0  1  0  0  0  0  0  0  0  0  0  0  0  0  0
  0  0  0  0  0  0  0  0  0  0  0  0  0  0  0  0  0  0  0  0  0  0  0  0
  0  0  0  0  0  0  0  0  0  0  0  0  0  0  0  0  0  0  0  0  0  0  0  0
  0  0  0  0  0  0  0  0  0  0  0  0  0  0  0  0  0  0  0  0  0  0  0  0
  0  0  0  0  0  0  0  0  0  0  0  0  0  0  0  1  0  0  0  0  0  0  0  0
  0  0  0  0  0  0  0  0  0  0  0  0  0  0  0  0  0  0  0  0  0  0  0  0
  0  0  0  0  0  0  0  0  0  0  0  0  0  0  0  0  0  0  0  0  0  0  0  0
  0  0  0  0  0  0  0  0  0  0  0  0  0  0  0  0  0  0  0  0  0  0  0  0
  0  0  0  0  0  0  0  0  0  0  0  0  0  0  0  0  0  0  0  0  0  0  0  0
  0  0  0  0  0  1  1  0  0  0  0  0  0  0  0  0  0  0  0  0  1  0  0  0
  0  0  0  0  0  0  0  0  0  0  0  0  0  0  0  0  0  0  0  0  0  0  0  0
  0  0  0  0  0  0  0  0  0  0  0  0  0  0  0  0  0  0  0  0  0  0  0  0
  0  0  0  0  0  0  0  0  0  0  0  0  0  0  0  0  0  0  0  0  0  0  0  0
  0  0  0  0  0  0  0  0  0  0  0  0  0  0  0  0  0  0  0  0  0  0  0  0
  0  0  0  0  0  0  0  0  0  0  0  0  0  0  0  0  0  0  0  0  0  0  0  0
  0  0  0  0  0  0  0  0  0  0  0  0  0  0  0  0  0  0  0  0  0  0  0  0
  0  0  0  0  0  0  0  0  0  0  0  0  0  0  0  0  0  0  0  0  1  0  0  0
  0  0  0  0  0  0  0  0  0  0  0  0  0  0  0  0  0  0  0  0  0  0  0  0
  0  0  0  0  0  0  0  0  0  0  0  0  0  0  0  0  0  0  0  0  0  0  0  1
  0  0  0  0  0  0  0  0  0  0  0  0  0  0  0  0  0  0  0  0  0  0  0  1
  0  0  0  1  0  0  0  0  0  0  0  0  0  0  0  0  0  0  0  0  0  0  0  0
  0  0  0  0  0  0  0  0  0  0  0  0  0  0  0  0  0  0  0  0  0  0  0  0
  0  0  0  0  0  0  0  0  0  0  0  0  1  0  0  0  0  0  0  1  0  0  0  0
  0  0  0  0  0  0  0  0  0  0  0  0  0  0  0  0  0  0  0  0  0  0  0  0
  0  0  0  0  0  0  0  0  0  0  0  0  0  0  0  0  0  0  0]","[409 484 565 408 304 192  93  43  24  13   4  22  12  17  11  10   6   9
  10  13  14  14  10  13  17  14  30  30  34  33  36  25  23  26  14  13
  14  13  12   6   2   1   3   1   1   1   2   6   2   1   1   1   5   2
   4   4   0   2   2   3   3   4   4   1   5   1   1   0   0   1   1   1
   0   0   2   1   1   2   0   0   2   3   0   0   2   0   1   1   1   0
   1   1   1   0   1   0   0   0   0   0   1   0   1   0   0   3   2   0
   2   0   1   1   0   1   0   0   0   0   1   0   0   3   3   1   0   0
   0   0   0   0   1   2   0   2   2   2   0   0   0   0   0   1   1   2
   1   0   0   0   0   0   0   0   1   1   1   0   0   0   0   2   0   2
   1   0   0   0   0   1   0   0   0   0   0   0   0   1   1   1   1   0
   1   0   2   0   0   0   0   0   1]"
1395,88,-90,False,0,False,True,2022-02-03 20:25,1250,50,1250,[ 6.39410548e-01 -5.42750557e-04  1.00000000e+00],0.23947081531728903,"[ 2.34276910e+03  0.00000000e+00  8.09707531e+00 -1.82480012e+02
  1.02070606e+01  2.20998600e+00 -8.15148921e+01  1.98615936e+01
 -7.66791204e+01  2.02936255e+01  3.99422751e+01 -4.52305889e+00
  6.35756990e+06 -6.35742795e+06 -1.56869640e+00  4.36919698e-03]",38.629308257964055,0,5,"[0 0 0 0 0 1 0 0 1 0 1 0 0 0 0 1 0 0 0 1 0 1 0 0 1 0 0 0 0 1 0 0 0 0 0 0 0
 0 1 1 2 0 1 0 0 0 0 2 0 0 1 1 0 1 0 0 0 0 0 1 0 0 0 0 1 0 0 1 0 1 1 0 2 1
 0 2 1 0 1 0 0 1 0 1 0 0 0 0 1 0 0 0 0 0 0 0 0 2 0 0 2 0 0 0 0 0 0 0 0 0 0
 0 0 0 0 1 0 0 0 1 0 3 0 1 0 1 2 1 0 0 0 0 0 0 0 0 0 0 2 1 0 1 1 0 0 0 0 1
 1 0 0 0 0 2 0 0 0 0 1 0 1 1 3 0 0 0 0 0 0 0 0 0 1 0 0 0 0 0 0 0 1 0 0 2 0
 0 0 1 1 0 0 0 1 0 1 0 0 0 0 0 1 0 0 2 0 1 1 0 0 3 0 2 1 0 0 1 0 0 0 2 0 2
 0 0 2 0 2 0 0 0 0 1 0 1 0 2 0 0 0 2 0 1 1 3 0 1 0 0 0 1 1 0 1 0 1 1 2 1 2
 0 0 0 0 0 0 1 1 2 0 1 1 1 1 1 0 0 0 2 2 1 0 1 0 0 1 1 0 2 1 0 1 0 2 2 0 2
 0 3 0 3 4 1 2 1 1 2 2 3 0 0 1 0 0 0 0 0 0 0 1 0 0 1 0 0 1 1 0 0 0 1 0 0 0
 1 0 0 4 0 0 2 0 2 1 0 0 1 0 0 1 0 0 0 0 0 0 0 0 0 0 0 0 0 0 0 0 0 0 0 0 0
 0 0 0 0 0 0 0 0 0 0 0 0 0 0 0 0 0 0 0 0 2 0 0 0 0 0 0 0 0 1 0 0 0 0 0 0 0
 1 0 0 0 0 0 0 0 0 0 0 0 0 0 0 0 0 0 0 0 0 0 0 0 0 0 0 0 0 0 0 0 0 0 0 0 0
 0 0 0 0 0 0 0 0 0 0 0 0 0 0 0 0 0 0 0 0 0 0 0 0 0 0 0 0 0 0 0 0 0 0 0 0 0
 0 0 0 0 0 0 0 0 0 0 0 0 0 0 0 0 0 0 0 0 0 0 0 0 0 0 0 0 0 0 0 0 0 0 0 0 0
 0 0 0 0 0 1 0 0 0 0 0 0 0 0 0 0 0 0 0 0 0 0 0 0 0 0 0 1 0 0 0 0 0 0 0 0 0
 0 0 0 0 0 0 0 0 0 0 0 0 0 0 0 0 0 0 0 0 0 0 0 0 0 0 0 0 0 1 0 0 0 0 0 0 0
 0 0 0 0 0 0 0 0 1 0 0 0 0 0 0 0 0 0 0 0 0 0 0 0 0 0 0 0 0 0 0 0 0 0 0 0 0
 0 0 0 0 0 0 0 0 0 2 0 0 1 0 0 0 0 0 0 0 0 0 0 0 0 0 1 0 0 0 0 0 0 0 0 0 0
 0 0 0 0 0 0 0 0 0 0 0 0 0 0 0 0 0 0 0 0 0 0 0 0 0 0 0 0 0 1 0 0 0 0 0 0 0
 0 0 0 0 0 0 0 0 0 0 0 0 0 0 0 0 0 0 0 1 0 0 0 0 0 0 0 0 0 0 0 0 0 0 0 0 0
 0 0 0 0 0 0 0 0 0 0 0 0 0 0 0 0 0 0 0 0 0 0 0 0 0 0 0 0 0 0 0 0 0 0 0 0 0
 0 0 0 0 0 0 0 0 0 0 0 0 0 0 0 0 0 0 0 0 0 0 0 0 0 0 0 0 0 0 0 0 0 0 0 0 0
 0 0 0 0 0 0 0 0 0 0 0 1 0 0 0 0 0 0 0 0 0 0 0 0 0 0 0 0 0 0 0 0 0 0 0 0 0
 0 0 0 0 0 0 0 0 0 0 0 0 0 0 0 0 0 0 0 0 0 0 0 0 0 0 0 0 0 0 0 0 0 0 0 0 0
 0 0 0 0 0 0 0 0 0 0 0 0 0 0 0 0 0 0 0 1 0 0 0 0 0 0 0 0 0 0 0 0 0 0 0 0 0
 0 0 0 0 0 0 0 0 0 0 0 0 0 0 0 0 0 0 0 0 0 0 0 0 0 0 0 0 0 0 0 0 0 0 0 0 0
 0 0 0 0 0 0 0 0 0 0 0 0 0 0 0 0 0 0 0 0 0 0 0 0 0 0 0 0 0 0 0 0 0 0 0 0 0
 0 0 0 0 0 0 0 0 0 0 0 0 0 0 0 0 0 0 0 0 0 0 0 0 0 0 0 0 0 0 0 0 0 0 0 0 0
 0 0 0 0 0 0 0 0 0 0 0 0 0 0 0 0 0 0 0 0 0 0 0 0 0 0 0 0 0 0 0 0 1 0 0 0 0
 0 0 0 0 0 0 0 0 0 0 0 0 0 0 0 0 0 0 0 0 0 0 0 0 0 0]","[1253 1036  728  448  317  237  188  142  130  113   81   51   39   22
   49   57   16   50   23   38   22    8   11   12   14   10    8   24
   14   27   22   25   38   30   23   26   32   23   15   18   11    7
    5    2    2    5    2    5    1    3    7    3    2    4    3    2
    1    4    0    2    1    0    2    4    2    3    1    0    8    3
    0    0    2    0    2    2    4    1    2    0    1    1    0    0
    0    1    3    0    3    0    1    2    1    0    0    1    0    0
    0    0    1    1    1    1    1    0    3    0    2    3    0    0
    2    1    2    2    0    0    0    0    0    2    2    1    0    0
    1    2    1    0    1    1    0    1    0    1    0    1    0    0
    2    2    0    0    1    1    0    0    0    2    0    2    0    2
    0    4    2    0    0    1    0    1    0    1    1    0    0    1
    0    0    1    0    1    0    0    4    1    1    1    1    0    0
    0    1    1    2    0    0    1    0    0    0    0]"
1395,96,-90,False,0,False,True,2022-02-03 20:25,1250,50,1250,"[ 5.74454327e+00  6.01280502e+02  6.89433639e+00  6.00232931e-01
 -4.74808495e-01  2.08491272e-04 -3.42811870e-01]",0.17365059392250162,"[ 9.39442134e+01  0.00000000e+00  1.27976870e+01  2.39443438e+01
  4.01449434e+01  5.28174673e+00  5.76743225e+07 -5.76743204e+07
 -1.24357796e-02  2.05774308e-05]",6.809394507923144,1,3,"[0 0 0 0 0 0 0 0 0 1 0 0 1 0 0 0 0 1 1 0 0 0 1 1 1 0 0 0 0 0 0 0 0 0 1 0 1
 1 0 0 0 0 0 0 0 0 0 0 0 1 0 0 0 0 0 3 0 0 0 0 0 0 0 0 3 0 0 0 0 1 0 0 0 2
 2 0 0 0 0 1 1 0 0 1 0 0 0 0 0 0 0 0 0 1 0 0 0 0 2 0 0 1 1 0 1 0 0 1 0 0 1
 0 0 0 0 1 0 0 0 0 1 0 0 0 1 0 0 0 0 0 0 0 0 0 0 0 0 0 0 0 0 0 0 0 0 0 0 0
 0 1 0 0 1 1 0 0 0 0 0 0 0 0 0 0 0 0 1 0 1 0 0 0 0 2 1 1 0 0 0 0 0 0 0 0 1
 0 2 1 0 0 0 0 1 0 0 1 0 0 0 0 0 0 0 0 0 0 0 0 0 0 0 0 0 0 0 0 0 0 0 0 0 0
 0 0 0 0 0 0 0 1 0 0 0 0 0 1 0 0 0 0 3 0 0 0 0 0 0 0 0 0 0 0 0 0 0 0 1 0 0
 0 0 1 1 0 0 0 0 0 0 0 0 3 0 0 0 0 0 0 0 0 0 0 0 0 0 0 0 0 2 0 3 0 1 1 2 4
 4 4 6 8 7 4 7 6 4 5 2 5 2 2 1 1 1 1 0 0 0 0 0 0 0 0 0 0 0 0 0 0 0 0 1 0 0
 0 0 0 0 0 2 1 1 4 0 3 1 2 4 2 1 1 0 0 0 0 1 0 0 0 0 0 0 0 0 0 0 0 0 0 0 0
 0 0 0 0 0 0 0 0 0 0 0 2 0 0 0 0 0 0 0 0 0 0 0 0 0 0 0 0 0 0 0 0 0 0 0 0 0
 0 0 0 0 0 0 0 0 0 0 0 0 0 0 0 0 0 0 0 0 0 0 0 0 0 0 0 1 0 0 0 0 0 0 0 0 0
 0 0 0 0 0 0 0 0 0 0 0 0 0 0 0 0 0 0 0 0 0 0 0 0 0 0 0 0 0 0 0 0 0 0 0 0 0
 0 0 0 0 0 0 0 0 0 0 0 0 0 0 0 0 0 0 0 0 0 0 0 0 0 0 0 0 0 0 0 0 0 0 0 0 0
 0 0 0 0 0 0 0 0 0 0 0 0 0 0 0 0 0 0 0 0 0 0 0 0 0 0 0 0 0 0 0 0 0 0 0 0 0
 0 2 0 0 0 0 0 0 0 0 0 0 0 0 0 0 0 0 0 0 0 0 0 0 0 0 0 0 0 0 0 0 0 0 0 0 0
 0 0 0 0 0 0 0 0 0 0 0 0 0 0 0 0 0 0 0 0 0 0 0 0 0 0 0 0 0 0 0 0 0 0 0 0 0
 0 0 0 0 0 0 0 0 0 0 0 0 0 0 0 0 0 0 0 0 0 0 0 0 0 0 0 0 0 0 0 0 0 1 0 0 0
 0 0 0 0 0 0 0 0 0 0 0 0 0 0 0 0 0 0 0 0 0 0 0 0 0 0 0 0 0 0 0 0 0 0 0 0 0
 0 0 0 0 0 0 0 0 0 0 0 0 0 0 0 0 0 0 0 0 0 0 2 0 0 0 0 0 0 0 0 0 0 0 0 0 0
 0 0 0 0 0 0 0 0 0 0 0 0 0 0 0 0 0 0 0 0 0 0 0 0 0 0 0 1 0 0 0 0 0 0 0 0 0
 0 0 0 0 0 0 0 0 0 0 0 0 0 0 0 0 0 0 0 0 0 0 0 0 0 0 0 0 0 0 0 0 0 0 0 0 0
 0 0 0 0 0 0 0 0 0 0 0 0 0 0 0 0 0 0 0 0 0 0 0 0 0 0 0 0 0 0 0 0 0 0 0 0 0
 0 0 0 0 0 0 0 0 1 0 0 0 0 0 0 0 0 0 0 0 0 0 0 0 0 0 0 0 0 0 0 0 0 0 0 0 0
 0 0 0 0 0 1 0 0 0 0 0 0 0 0 0 0 0 0 0 0 0 0 0 0 0 0 0 0 0 0 0 0 0 0 0 0 0
 0 0 0 0 0 0 0 0 0 0 0 0 0 0 0 0 0 0 0 0 0 0 0 0 0 0 0 0 0 0 0 0 0 0 0 0 0
 0 0 1 0 0 0 0 0 0 0 0 0 0 0 0 0 0 0 0 0 0 0 0 0 0 0 0 0 0 0 0 0 0 0 0 0 0
 0 0 0 0 0 0 0 0 0 0 0 0 0 0 0 0 0 0 0 0 0 0 0 0 0 0 0 0 0 0 0 0 0 0 0 0 0
 0 0 0 0 0 0 0 0 0 0 0 0 0 0 0 0 0 0 0 0 0 0 0 0 0 0 0 0 0 0 0 0 0 0 0 0 0
 0 0 0 0 0 0 0 0 0 0 0 0 0 0 0 0 0 0 0 0 0 0 0 0 0 0]","[48 42 51 48 36 41 28 15  8  8  6  4  2  3  3  7  8  4  0  7  7  8  4  7
  5  7 11 14 17 26 34 26 21 18 19 16 17 18 10  8  2  2  4  2  6  2  0  4
  0  0  2  4  3  3  0  3  4  0  2  0  2  1  0  5  1  0  1  1  1  0  0  1
  3  0  1  0  2  0  0  3  1  1  2  1  4  1  3  0  0  0  1  2  0  2  0  2
  0  2  0  1  3  0  2  0  0  1  1  0  0  0  0  0  1  1  1  1  2  1  3  3
  0  0  0  0  0  1  0  1  0  0  0  0  0  1  0  1  0  0  0  1  2  2  0  0
  0  0  0  1  0  1  0  0  0  0  0  0  0  0  1  0  0  0  2  0  1  1  0  0
  1  0  0  0  0  2  1  0  2  2  0  0  3  0  0  1  1  0  0  0  0  2]"
1395,97,-90,False,0,False,True,2022-02-03 20:25,1250,50,1250,"[ 1.04582936e+01  5.93113432e+02  4.99407705e+00 -2.16535407e-01
  4.25595567e-01  6.27253126e-05  3.48282958e-01]",0.2379763412206471,"[ 2.49290581e+03  0.00000000e+00  6.00658029e+00  2.72953362e+01
  1.43056035e+01  1.41028956e+00  2.61000942e+01  3.93573235e+01
  4.43556492e+00  6.34135350e+06 -6.34134765e+06 -7.23849629e-02
  2.40422263e-04]",52.84711895154217,1,4,"[ 0  0  0  1  0  0  0  0  0  0  0  0  1  1  1  2  0  0  0  0  0  0  0  0
  2  0  0  0  0  2  0  0  0  0  1  1  1  0  0  0  0  1  0  2  0  0  1  0
  1  0  0  0  0  0  1  0  1  0  0  1  1  0  1  0  0  0  0  0  1  0  1  0
  0  1  0  1  1  0  0  0  0  0  2  0  0  0  0  1  0  0  1  0  0  1  0  0
  0  0  0  0  0  3  0  0  0  1  0  0  0  0  0  1  0  1  1  0  1  2  0  0
  0  1  0  0  0  0  0  4  1  0  1  0  0  0  0  1  0  0  0  0  0  0  0  1
  0  0  0  0  0  1  1  0  0  0  0  0  0  0  0  0  0  0  0  0  0  0  0  0
  0  0  0  0  0  0  0  0  0  0  0  0  0  0  0  0  0  0  0  0  0  0  0  0
  0  0  0  0  0  0  0  1  0  0  1  0  0  0  0  0  0  0  0  0  0  0  0  0
  0  0  0  0  0  0  0  0  0  0  0  0  0  0  0  0  0  0  0  0  0  0  0  0
  0  0  0  0  0  0  0  0  0  0  0  0  2  0  0  0  0  1  0  0  1  0  0  0
  0  0  0  0  1  0  0  0  0  1  0  1  0  0  1  0  0  2  1  0  1  1  4  2
  4  4  8  8 17  8  7  5  9  6  3  3  1  0  1  0  0  0  0  0  0  0  0  0
  0  0  0  0  0  0  0  0  0  1  0  1  1  0  0  0  0  1  2  2  1  0  2  0
  1  0  2  1  1  1  0  0  0  0  0  0  0  0  0  0  2  0  0  0  0  0  0  0
  0  0  0  0  0  0  0  0  0  0  0  0  1  0  0  0  0  0  0  0  0  0  0  0
  0  0  0  0  0  0  0  0  0  0  0  0  0  0  0  0  0  0  0  0  0  0  0  0
  0  0  0  0  0  0  0  0  1  0  0  0  0  0  0  0  0  0  0  0  0  0  0  0
  0  0  0  2  0  0  0  0  0  0  0  0  0  0  0  0  0  0  0  1  0  0  0  0
  0  0  0  0  0  0  0  0  0  0  0  0  0  0  0  0  0  0  0  0  0  0  0  0
  0  0  0  0  0  0  0  0  1  0  0  0  0  0  0  0  0  0  0  0  0  0  0  0
  0  0  0  0  0  0  0  0  0  0  0  0  0  0  0  0  0  0  0  0  0  0  0  0
  0  0  0  0  0  0  0  0  0  0  0  0  0  0  0  0  0  0  0  0  0  0  0  0
  0  0  0  2  0  0  0  0  0  0  0  0  0  0  0  0  0  0  0  0  0  0  0  0
  0  0  0  0  0  0  0  0  0  0  0  0  0  0  0  0  1  0  0  0  0  0  0  0
  0  0  0  0  0  0  0  0  0  0  0  0  0  0  0  0  0  0  0  0  0  0  0  0
  0  0  0  1  0  0  0  0  0  0  0  0  0  0  0  0  0  0  0  0  0  0  0  1
  0  0  3  0  0  0  0  0  0  0  0  0  0  0  0  0  0  0  0  0  0  0  0  0
  0  0  0  0  0  0  0  0  0  0  0  0  0  0  0  1  0  0  0  0  0  0  0  0
  0  0  0  0  0  0  0  0  0  0  0  0  0  0  0  0  0  0  0  0  0  0  0  0
  0  0  0  0  0  0  0  0  0  0  0  0  0  0  0  0  0  0  0  0  0  0  0  0
  0  0  0  0  0  0  0  0  0  0  0  3  0  0  0  0  0  0  0  0  0  0  0  0
  0  0  0  0  0  0  0  0  0  0  0  0  0  0  0  0  0  0  0  0  0  0  0  0
  0  0  0  0  0  0  0  0  0  0  0  0  0  0  0  0  0  0  0  0  0  0  0  0
  0  0  0  0  0  0  0  0  0  0  0  0  2  0  0  0  0  0  0  0  0  0  0  0
  0  0  0  0  0  0  0  0  0  0  0  0  0  0  0  0  0  0  0  0  0  0  0  0
  0  0  0  1  0  0  0  0  0  0  0  0  0  0  0  0  0  0  2  0  0  0  0  0
  0  0  0  1  0  1  0  0  0  0  0  0  0  0  0  0  0  0  0  0  0  0  0  0
  0  0  0  0  0  1  0  0  0  0  0  0  0  0  0  0  1  0  0  0  0  0  0  0
  0  0  0  0  0  0  0  0  0  0  0  0  1  0  0  0  0  0  0  0  0  0  0  0
  0  0  0  0  0  0  0  1  0  0  0  0  0  0  0  0  0  0  0  0  0  0  0  1
  0  0  0  0  2  0  0  0  0  0  0  0  0  0  0  0  0  0  0  0  0  0  0  0
  0  0  0  0  0  0  0  0  0  0  0  0  0  0  0  0  0  0  0  0  0  0  0  0
  0  0  0  0  2  1  0  0  0  0  0  0  0  0  0  0  0  0  0  0  0  0  0  0
  0  0  0  0  0  0  0  0  0  0  1  0  0  0  0  0  0  0  0  0  0  0  0  0
  0  0  0  0  0  0  0  0  0  0  0  0  0  0  0  0  0  0  0]","[1048  818  562  360  158   89   48   47   41   38   22    8   17   10
   16   16    6    2    9    8    7   12    7    4    9    5    7    5
    7    9   20   20   30   20   32   32   26   17   22   15    8    5
    4    6    6    8    1    0    1    6    1    7    0    1    5    6
    2    1    3    1    0    1    3    4    0    0    2    2    1    3
    1    1    2    0    0    1    2    1    2    0    2    1    1    0
    0    0    0    4    0    2    0    1    2    0    1    1    1    0
    0    2    2    1    2    1    0    0    5    0    0    0    0    1
    1    1    0    0    0    1    2    0    0    4    0    0    0    0
    5    0    1    1    2    0    1    0    0    0    0    0    0    1
    0    2    1    0    0    2    0    0    0    0    1    0    1    0
    0    1    0    0    0    0    0    0    0    1    0    0    0    0
    0    1    2    0    1    0    2    1    1    0    1    2    1    0
    1    0    0    0    1    2    0    0    0    0    0    5]"
1395,98,-90,False,0,False,True,2022-02-03 20:25,1250,50,1250,"[ 1.32527866e+01  6.04327801e+02  6.17216872e+00 -5.09277265e+00
  5.18252749e+00  3.04477187e-04  5.47162260e+00]",0.23750513141364601,"[ 2.43053133e+03  0.00000000e+00  5.59000182e+00 -1.08839484e+02
  2.25279226e+01 -1.10385901e+01 -5.09541680e+02  1.93633202e+00
 -9.69097177e+01 -6.35832966e+06  6.35922127e+06 -9.03959234e+00
  2.33098019e-02]",132.03351528070033,1,4,"[ 0  0  0  0  0  0  0  0  0  0  1  3  1  0  0  1  2  0  0  0  0  0  0  3
  1  0  0  1  0  0  0  0  0  1  1  1  0  0  0  0  1  1  1  3  0  0  0  0
  0  1  0  0  0  0  0  0  0  0  1  0  0  0  0  0  1  0  1  0  1  0  0  1
  0  0  0  0  0  0  1  0  0  1  0  0  0  0  0  0  0  0  0  1  0  0  0  0
  0  0  0  0  0  0  1  0  0  0  0  3  1  0  0  0  1  0  0  1  0  2  0  0
  0  0  1  0  0  0  0  2  0  0  3  2  0  0  0  1  0  0  0  0  2  0  0  0
  1  2  0  0  0  0  0  0  0  0  0  1  0  0  0  0  0  0  0  0  0  0  0  0
  0  0  0  0  0  0  0  0  0  0  0  0  0  0  0  0  0  0  0  0  0  0  0  0
  0  0  0  0  0  0  0  0  0  0  0  0  1  0  0  0  0  0  0  0  0  1  1  0
  0  1  0  0  0  0  0  0  0  0  0  0  0  0  0  0  1  0  0  0  0  0  0  0
  0  0  0  0  0  0  0  0  0  0  0  1  0  0  0  0  0  0  0  0  0  0  0  0
  0  0  1  0  0  0  0  0  0  0  1  0  0  0  0  0  0  1  0  1  0  0  0  1
  2  1  0  0  0  2  0  1  2  4  2  2  3  7  5 10  9  7  5  2  7  2  5  4
  5  0  0  0  0  0  0  0  0  1  0  0  1  0  0  0  0  1  0  0  1  1  1  0
  2  0  0  0  2  2  1  1  4  3  2  3  2  3  1  0  0  0  0  1  0  0  0  1
  0  0  0  0  0  0  0  0  0  0  0  0  0  0  0  0  0  0  0  0  0  0  0  0
  0  0  0  0  0  0  0  0  0  0  0  0  0  0  0  0  0  0  0  0  0  0  0  0
  0  0  0  0  0  0  0  0  0  0  0  0  0  0  0  0  0  0  0  0  0  0  0  0
  0  0  0  0  1  0  1  0  0  0  0  0  0  0  0  0  0  0  0  0  0  0  0  0
  0  0  0  0  1  0  0  0  0  0  0  0  0  2  2  0  0  1  0  0  0  0  0  0
  0  0  0  0  0  0  0  0  0  0  0  0  0  0  0  0  0  0  0  2  0  0  0  0
  0  0  0  0  0  0  0  0  0  0  0  0  0  0  0  0  0  0  0  0  0  0  0  0
  0  0  0  0  0  0  0  0  0  0  0  0  0  0  0  0  0  0  0  0  0  0  0  0
  0  0  0  0  0  0  0  0  0  0  2  0  0  0  0  0  0  0  0  0  0  0  0  0
  0  0  0  0  0  0  0  0  0  0  0  0  0  0  0  0  0  0  0  0  0  0  0  0
  0  0  0  0  0  0  0  0  0  0  0  0  0  0  0  0  0  0  0  0  0  0  0  0
  0  0  0  0  0  0  0  0  0  0  0  0  0  0  0  0  0  0  0  0  0  0  0  0
  0  0  0  0  0  0  0  0  0  0  0  0  0  1  0  0  0  0  0  0  0  0  0  0
  0  0  0  0  0  0  0  0  0  0  0  0  0  0  0  0  0  0  0  0  0  0  0  0
  0  0  0  0  0  0  0  0  0  0  0  0  0  0  0  0  0  0  0  0  0  0  0  0
  0  0  0  0  0  0  0  0  0  0  0  0  0  0  0  0  0  0  0  0  0  0  0  0
  0  0  0  0  0  0  0  1  0  0  0  0  0  0  0  0  0  0  0  0  0  0  0  0
  0  0  0  0  0  0  0  0  0  0  0  0  0  0  0  0  0  0  0  0  0  0  0  0
  0  0  0  0  0  0  0  0  0  0  0  0  0  0  0  0  0  0  2  0  0  0  0  0
  0  0  0  0  0  0  0  0  0  0  0  0  0  0  0  0  0  0  0  0  0  0  0  0
  0  0  0  0  0  0  0  0  0  0  0  0  0  1  0  0  0  0  0  0  0  0  0  0
  0  0  0  0  0  0  0  0  0  0  0  0  0  0  0  0  0  0  0  0  0  0  0  0
  0  0  0  0  0  0  0  0  0  0  0  0  0  0  0  0  0  0  0  0  0  0  0  0
  0  0  0  0  0  0  0  0  0  0  0  0  0  0  0  0  0  0  0  0  0  0  0  3
  0  0  0  0  0  0  0  0  0  0  0  0  0  0  0  0  0  0  0  0  0  0  0  0
  0  0  0  0  0  0  0  0  0  0  1  0  0  0  0  0  0  0  0  0  0  0  0  0
  0  0  0  0  0  0  0  0  0  0  0  0  0  0  1  0  0  0  0  0  0  0  0  0
  0  0  0  0  0  0  0  0  0  0  0  0  0  0  0  0  0  0  0  0  0  0  0  0
  0  0  0  0  0  0  0  0  0  0  0  0  0  0  0  0  0  0  0  0  0  0  0  0
  0  0  0  0  0  0  0  0  0  0  0  0  0  0  0  0  0  0  0  0  0  0  0  0
  0  0  0  0  0  0  0  0  0  0  0  0  0  0  0  0  0  0  0]","[805 679 410 279 181 173 165 191 137  82  60  19  13  17  16  16  13   7
  10   7   9   6  10  10   9  11   6  15  19  19  32  26  30  42  45  29
  55  43  35  34  33  28  18  11   7   4   9   4   1   1   1   5   2   0
   0   0   0   1   2   3   2   1   5   1   3   0   3   0   2   2   0   0
   0   4   1   2   0   0   2   3   0   2   1   3   0   0   1   1   0   1
   4   0   1   1   0   0   4   1   1   0   1   3   1   0   1   0   1   3
   2   0   0   2   1   0   0   3   3   0   3   1   0   0   1   2   0   0
   1   2   0   0   0   1   0   0   0   1   3   3   1   0   1   4   0   1
   0   0   0   0   1   0   3   0   0   0   0   0   0   1   2   2   2   0
   0   1   1   2   0   0   2   1   3   0   0   1   1   1   1   1   1   0
   0   0   3   0   1   0   0   1   0   0   0   1   0]"
1395,101,-90,False,0,False,True,2022-02-03 20:25,1250,50,1250,"[ 4.10924918e+00  6.01624757e+02  7.87523544e+00  3.04477762e-01
 -1.79569451e-01  1.93476132e-04 -6.11197967e-02]",0.18297763908540957,"[ 1.00867341e+03  0.00000000e+00  1.28535555e+01 -1.01758520e+02
  1.81842329e+01  3.12347938e+00  2.55324203e+01  3.96390256e+01
  7.27909531e+00 -6.58118025e+06  6.58118335e+06 -2.39310438e-02
  5.00903703e-05]",7.679747136631884,1,4,"[0 0 0 1 1 1 0 0 0 0 0 0 0 0 1 0 0 1 2 1 2 2 0 0 0 0 1 0 1 1 0 0 1 0 1 0 1
 0 0 0 0 0 0 0 0 0 0 0 0 0 0 0 0 0 0 0 0 0 0 0 0 0 0 0 0 0 0 0 0 0 0 0 0 0
 1 0 2 0 0 1 0 0 0 0 0 0 0 0 0 0 0 0 1 0 2 0 0 1 0 0 0 0 0 0 0 0 2 0 0 0 0
 0 0 0 1 0 0 0 0 0 0 0 0 0 1 0 1 1 0 1 1 0 0 1 0 0 0 0 0 0 0 0 0 1 1 0 0 0
 0 0 0 2 0 0 1 0 0 0 0 0 0 0 0 0 0 0 0 1 0 0 0 0 0 0 0 0 0 2 0 0 1 0 0 0 1
 0 0 0 0 0 0 0 0 0 0 0 0 1 0 0 0 0 0 0 0 0 0 0 0 1 0 0 0 0 0 0 0 0 0 1 0 0
 1 0 1 0 0 0 0 0 0 0 1 0 0 0 0 0 0 1 0 1 1 0 0 0 1 0 0 0 1 0 0 0 0 0 0 0 0
 0 0 0 0 0 1 1 0 0 0 0 0 0 0 0 0 1 0 0 0 0 1 0 0 0 0 0 0 0 0 1 1 3 0 2 1 4
 4 4 1 7 2 1 6 5 7 3 3 2 2 1 2 1 0 0 0 0 0 0 0 0 0 1 0 0 0 0 0 1 1 0 0 2 0
 0 0 3 0 0 1 0 2 3 4 3 2 1 0 2 2 0 0 0 0 0 0 0 0 0 0 0 0 0 0 0 0 0 0 0 0 0
 0 0 0 0 0 0 0 0 0 0 0 0 0 0 0 0 0 0 0 0 0 0 0 0 0 0 0 0 0 0 0 0 0 0 0 0 0
 0 0 0 0 0 0 0 0 0 0 0 0 0 0 0 0 0 0 0 0 0 0 0 0 0 0 0 0 0 0 0 0 0 0 0 0 0
 0 0 0 0 0 0 0 0 0 0 0 0 0 0 0 0 0 0 0 0 0 0 0 0 0 0 0 0 0 1 0 0 0 0 0 0 0
 0 0 0 0 0 0 0 0 0 0 0 0 0 0 0 0 0 0 0 0 0 0 0 1 0 0 0 0 0 0 0 0 0 0 0 0 0
 0 0 0 0 0 0 0 0 0 0 0 0 1 0 0 0 0 0 0 0 0 0 0 0 0 0 0 0 0 0 0 0 0 0 0 0 0
 0 0 0 0 0 0 0 0 0 0 0 0 0 0 0 0 0 0 0 0 0 0 0 0 0 0 0 0 0 0 0 0 0 0 0 0 0
 0 0 0 0 0 0 0 0 0 0 0 0 0 0 0 0 0 0 0 0 0 0 0 0 0 0 0 0 0 0 0 0 0 0 0 0 1
 0 0 0 0 0 0 0 0 0 0 0 0 0 0 0 0 0 0 0 0 0 0 0 0 0 0 0 0 0 0 0 0 0 0 0 0 0
 0 0 0 0 0 0 0 0 0 0 1 0 0 0 1 0 0 0 0 0 0 0 0 0 0 0 0 0 0 0 0 0 0 0 0 0 0
 0 0 0 0 0 0 0 0 0 0 0 0 0 0 0 0 0 0 0 0 0 0 0 0 0 0 0 0 0 0 0 0 0 0 0 0 0
 0 0 0 0 0 0 0 0 0 0 0 0 0 0 0 0 0 0 0 0 0 0 0 0 0 0 0 0 0 0 0 0 0 0 0 0 0
 0 0 0 0 0 0 0 0 0 0 0 0 0 0 0 0 0 1 0 0 0 0 0 0 0 0 0 0 0 0 0 0 0 0 0 0 0
 0 0 0 0 0 0 0 0 0 0 0 0 0 0 0 0 0 0 0 0 0 1 0 0 0 0 0 0 0 0 0 0 0 0 0 0 0
 0 0 0 0 0 0 0 0 0 0 0 0 0 1 0 0 0 0 0 0 0 0 0 0 0 0 0 0 0 0 0 0 0 0 0 0 0
 0 0 0 1 0 0 0 0 0 0 0 0 0 0 0 0 1 0 0 0 0 0 0 0 0 0 0 0 0 0 0 0 0 0 0 0 0
 0 0 0 0 0 0 0 0 0 0 0 0 0 0 0 0 0 0 0 0 0 0 0 0 0 0 0 0 0 0 0 0 0 0 0 0 0
 0 1 0 0 0 0 0 0 0 0 0 0 0 0 0 0 0 0 0 0 0 0 0 0 0 0 0 0 0 0 0 0 0 0 0 0 0
 0 0 0 0 0 0 0 0 0 0 0 0 0 0 0 0 0 0 0 0 0 0 0 0 0 0 0 0 0 0 0 0 0 0 0 0 0
 0 0 0 0 0 0 0 0 0 0 0 0 0 0 0 0 0 0 0 0 0 0 0 0 0 0 0 0 0 0 0 0 0 0 0 0 0
 0 0 0 0 0 0 0 0 0 0 0 0 0 0 0 0 0 0 0 0 0 0 0 0 0 0]","[319 271 194 114  61  28  25  26  26  32  28  19  32  26  13  15  14   8
  10   9  25  24  21  21  18  25  32  27  32  32  22  30  30  12  12   7
   9   5   7   5   1   6   2   3   4   6   3   1   2   3   6   2   1   3
   3   4   3   2   1   1   1   0   1   2   1   0   2   0   2   1   2   1
   2   2   1   1   1   1   2   1   2   1   1   0   3   0   0   1   1   1
   1   3   3   1   0   3   1   2   2   1   0   0   1   0   0   1   3   0
   1   3   1   1   1   2   0   0   0   1   1   0   0   0   1   1   0   1
   0   2   0   0   0   1   2   2   0   1   0   3   0   2   2   1   0   0
   1   0   0   0   1   0   0   0   1   0   1   1   0   1   1   0   0   1
   0   0   1   0   0   0   0   0   0   1   0   2   0   0   0   0   1   0
   1   0   0   1   0   0]"
1395,103,-90,False,0,False,True,2022-02-03 20:25,1250,50,1250,"[ 4.89660508e+00  5.98441792e+02  5.72726045e+00 -1.55340860e+00
  1.68609288e+00  8.94427255e-05  1.67166974e+00]",0.11272413467930367,"[ 1.69498375e+03  0.00000000e+00  1.09458758e+01 -8.31405229e+01
  1.82228197e+01  2.41547600e+00  1.75035789e+01  4.01770369e+01
  1.03787880e+01  6.47643867e+06 -6.47643693e+06 -6.24554637e-03
 -6.27071772e-06]",8.096194575148473,1,4,"[0 0 0 0 0 2 0 0 0 0 0 0 0 0 0 0 0 0 0 0 1 1 0 1 1 0 0 0 0 0 0 1 0 1 0 0 1
 0 0 0 0 0 0 0 0 1 0 1 0 0 0 0 0 0 0 0 1 0 0 1 0 1 0 1 0 0 2 0 0 1 1 0 0 0
 0 0 0 0 0 0 0 0 0 0 0 0 0 1 0 0 0 1 1 0 1 0 0 0 0 0 0 0 0 0 0 0 0 0 0 0 0
 0 1 0 0 1 0 0 0 0 0 1 1 0 0 0 0 0 0 0 1 0 0 0 0 0 0 0 0 0 0 0 0 0 0 0 1 0
 0 0 0 0 0 1 0 0 0 0 0 0 0 0 1 0 0 0 1 0 1 0 0 0 0 0 0 0 0 0 0 0 0 0 0 0 0
 0 0 0 0 0 0 0 0 0 0 0 0 0 0 0 0 0 0 0 0 0 0 0 1 0 0 0 0 0 0 0 1 0 1 1 0 0
 0 0 0 0 0 0 0 0 0 2 0 0 0 0 0 0 0 0 0 0 0 0 0 0 0 0 0 0 0 0 0 0 0 0 0 1 1
 0 0 0 1 0 0 0 1 0 0 1 0 0 1 0 0 0 0 0 1 1 0 1 1 0 0 0 0 0 1 0 2 2 1 2 3 2
 0 0 6 6 2 3 0 0 3 0 0 0 1 0 0 0 0 0 0 0 0 0 0 0 0 0 0 0 0 0 1 0 0 0 0 0 0
 0 0 1 0 0 1 1 1 0 0 0 2 0 0 0 1 0 0 0 0 0 0 0 0 0 0 0 0 0 0 0 0 0 0 0 0 0
 0 0 0 1 0 0 0 0 0 0 0 0 0 0 0 0 0 0 0 0 0 0 0 0 0 0 0 0 0 0 0 0 0 0 0 0 0
 0 0 0 0 0 0 0 0 0 0 0 0 0 0 0 0 0 0 0 0 0 0 0 0 0 0 0 0 0 0 0 0 0 1 0 0 0
 0 0 0 0 0 0 0 0 0 0 0 0 0 0 0 0 0 0 0 0 0 0 0 0 0 0 0 2 0 0 0 0 0 0 1 0 0
 0 0 0 0 0 0 0 0 0 0 0 0 0 0 0 0 1 0 0 0 0 2 0 0 0 0 1 0 0 0 0 0 0 0 0 0 0
 0 0 0 0 0 0 0 0 0 0 0 0 0 0 0 0 0 0 0 0 0 0 0 0 0 0 0 0 0 0 0 0 0 0 0 0 0
 0 0 0 0 0 0 0 0 0 0 0 0 0 0 0 0 0 0 0 0 0 0 0 1 0 0 0 0 0 0 0 0 0 0 0 0 0
 0 0 0 0 0 0 0 0 0 0 0 0 0 0 0 0 0 0 0 0 0 0 0 0 0 0 0 0 0 0 0 0 0 0 0 0 0
 0 0 0 0 0 0 0 0 0 0 0 0 0 0 0 0 0 0 0 0 0 0 0 0 0 0 0 0 0 0 0 0 0 0 0 0 0
 0 0 0 0 0 0 0 0 0 0 0 0 0 1 0 0 0 0 0 0 0 0 0 0 0 0 0 0 0 0 0 0 0 0 0 0 0
 0 0 0 0 0 0 0 0 0 0 0 0 0 0 0 0 0 0 0 0 1 0 0 0 0 0 0 0 0 0 0 0 0 0 0 0 0
 0 0 0 0 0 0 0 0 0 0 0 0 1 0 0 0 0 0 0 0 0 0 0 0 0 0 0 0 0 0 0 0 0 0 0 0 0
 0 0 0 0 0 0 0 0 0 0 0 0 0 0 0 0 0 0 0 0 0 0 0 0 0 0 0 0 0 0 0 0 0 0 0 0 0
 0 0 0 0 0 0 0 0 0 0 0 0 0 0 0 0 0 0 0 0 0 0 0 0 0 0 0 0 0 0 0 0 0 0 0 0 0
 0 0 0 0 0 0 0 0 0 0 0 0 0 0 0 0 0 0 0 0 0 0 0 0 0 0 0 0 0 0 0 0 0 0 0 0 0
 0 0 0 0 0 0 0 0 0 0 0 0 0 0 0 0 0 0 0 0 0 0 0 0 0 0 0 0 0 0 0 0 0 0 0 0 0
 0 0 0 0 0 0 0 0 0 0 0 0 0 0 0 0 0 0 0 0 0 0 0 0 0 0 0 0 0 0 0 0 0 0 0 0 0
 0 0 0 0 0 0 0 0 0 0 0 0 0 0 0 0 0 0 0 0 0 0 0 0 0 0 0 0 0 0 0 0 0 0 0 0 0
 0 0 0 0 0 0 0 0 0 0 0 0 0 0 0 0 0 0 0 0 0 0 0 0 0 0 0 0 0 0 0 0 0 0 0 0 1
 0 0 0 0 0 0 0 0 0 0 0 0 0 0 0 1 0 0 0 0 0 0 0 0 0 0 0 0 0 0 0 0 0 0 0 0 0
 0 0 0 0 0 0 0 0 0 0 0 0 0 0 0 0 0 0 0 0 0 0 0 0 0 0]","[361 292 227 114  50  25  13  19  15  17  13  16  11  15  15   8   9   5
  16  12   7  19  12  17  23  22  19  20  25  22  20  18  19  15  14   9
  10  11  11  11  11   7   8   5   4   3   5   5   4   2   3   0   2   3
   1   2   4   3   2   1   3   1   0   2   1   2   1   1   1   0   0   1
   0   3   1   0   2   0   0   0   1   2   1   2   1   1   1   0   0   0
   2   0   2   2   1   0   2   2   0   1   2   1   0   0   2   0   0   2
   0   0   0   2   2   0   0   0   1   0   1   2   2   1   0   0   3   0
   0   0   1   0   1   0   0   1   0   0   0   1   0   0   1   1   1   0
   2   1   0   1   1   0   0   1   2   1   0   0   1   1   0   0   0   1
   0   0   0   1   1   1   0   1   0   1   0   0   1   0   0   1   0   0
   1   0   1   0   0   0]"
1395,105,-90,False,0,False,True,2022-02-03 20:25,1250,50,1250,"[ 2.59047937e+00  6.00490154e+02  8.00983445e+00  9.52615761e-01
 -8.03158895e-01  1.88413980e-04 -7.03595037e-01]",0.19548151574519584,"[ 1.34530215e+02  0.00000000e+00  1.13247482e+01  2.21046430e+01
  3.98544903e+01  5.07176608e+00  1.47677612e+08 -1.47677611e+08
 -5.33877784e-03  2.04191967e-05]",4.835863085726841,1,3,"[0 0 2 0 0 0 0 0 0 0 0 1 0 1 0 2 0 0 0 0 0 0 0 1 1 0 0 0 0 0 0 0 1 1 0 0 0
 1 0 0 0 0 0 1 1 0 0 1 0 0 0 0 0 0 0 0 3 0 0 1 0 0 0 0 0 0 0 0 1 1 0 0 0 0
 0 1 0 0 2 0 0 1 0 0 0 0 0 0 0 0 0 0 0 0 0 1 0 0 0 0 0 0 0 0 0 3 0 0 0 0 0
 0 2 1 0 0 0 0 0 0 0 0 0 0 1 2 0 0 0 0 0 0 0 0 0 0 0 0 0 0 0 0 0 0 1 0 0 0
 0 1 0 1 1 0 0 0 0 0 1 0 0 0 1 0 0 1 0 0 0 0 0 0 0 0 0 1 0 0 0 2 0 0 0 0 0
 0 0 0 0 0 1 1 0 0 0 0 0 0 0 0 1 0 2 0 1 0 0 0 0 0 1 0 0 0 0 0 0 0 0 0 0 0
 0 0 0 0 0 0 0 0 0 0 1 0 0 0 0 0 0 0 0 0 2 0 0 0 0 0 0 0 0 0 1 0 0 0 0 0 0
 0 0 0 1 0 0 0 0 1 0 0 0 1 2 0 0 1 1 1 0 0 0 0 0 1 0 0 2 0 0 2 2 0 3 3 0 3
 1 4 2 7 3 5 1 2 4 3 5 1 1 0 1 0 1 0 0 0 0 0 0 1 0 0 0 0 0 0 0 0 0 0 0 0 0
 0 0 1 0 1 1 4 3 2 2 1 1 1 2 0 1 2 0 0 0 0 0 0 0 1 0 0 0 0 0 0 0 0 0 0 0 2
 0 0 0 0 0 1 0 0 0 0 0 0 0 0 0 0 1 0 0 0 0 0 0 0 0 0 0 0 0 0 0 0 0 0 0 0 0
 0 0 0 0 0 0 0 0 0 0 0 0 0 0 0 0 0 0 0 0 0 0 0 0 0 0 0 0 0 0 0 0 0 0 0 0 0
 0 0 0 0 0 0 0 0 0 0 0 0 0 0 0 0 0 0 0 0 0 0 0 0 0 0 0 0 0 0 0 0 0 0 0 0 0
 0 0 0 0 0 0 0 0 0 0 0 0 0 0 0 0 0 0 0 0 0 0 0 0 0 0 0 0 0 0 0 0 0 0 0 0 0
 0 0 2 0 0 0 0 0 0 0 2 0 0 0 0 0 0 0 0 0 0 0 0 0 0 0 0 0 0 0 0 0 0 1 0 0 0
 0 0 0 0 0 0 0 0 0 0 0 0 0 0 0 0 0 0 0 0 0 0 0 0 0 0 0 0 0 0 0 0 0 0 0 0 0
 0 0 0 0 0 0 0 0 0 0 0 0 0 0 0 0 0 0 0 0 0 0 0 0 0 0 0 0 0 0 0 0 0 0 0 0 0
 0 0 0 0 0 0 0 0 0 0 0 0 0 0 0 0 0 0 0 0 0 0 0 0 0 0 0 0 0 0 0 0 0 0 0 0 0
 1 0 0 0 0 0 0 0 0 0 0 0 0 0 0 0 0 0 0 0 0 0 0 0 0 0 1 0 0 0 0 0 0 0 0 0 0
 0 0 0 0 0 0 0 0 0 0 0 0 0 0 0 0 0 0 0 0 0 0 0 0 0 0 0 0 0 0 0 0 0 0 0 0 0
 0 0 0 0 0 0 0 0 0 0 0 0 0 0 0 0 0 0 1 0 0 0 0 1 0 0 0 1 0 0 0 0 0 0 0 0 0
 0 0 0 0 0 0 0 0 0 0 0 2 0 0 0 0 0 0 0 0 0 0 0 0 0 0 0 0 0 0 0 1 2 0 0 0 0
 0 0 0 0 0 0 0 0 0 0 0 0 0 0 0 0 0 0 0 0 0 0 0 0 0 0 0 0 0 0 0 0 0 0 0 0 0
 0 0 0 0 0 0 0 0 0 1 0 0 0 0 0 0 0 0 0 0 0 0 0 0 0 0 0 0 0 0 0 0 0 0 0 0 0
 0 0 0 0 0 0 0 0 0 0 0 0 0 0 0 0 0 0 0 0 0 0 0 0 0 0 0 0 0 0 0 0 0 0 0 0 0
 0 0 0 0 0 0 0 0 0 0 0 0 0 0 0 0 0 0 0 0 0 0 0 0 0 0 0 0 0 0 0 0 0 0 0 0 0
 0 0 0 0 0 0 0 1 0 0 0 0 0 0 0 0 0 0 0 0 0 0 0 0 0 0 0 1 1 0 0 0 0 0 0 0 0
 0 0 0 0 0 0 0 0 0 0 0 0 0 0 0 0 0 0 0 0 0 0 0 0 0 0 0 0 0 0 0 0 0 0 0 0 0
 0 0 1 0 0 0 0 0 0 0 0 0 0 0 0 0 0 0 0 0 0 0 0 0 0 0 0 0 0 0 0 0 0 0 0 0 0
 0 0 0 0 0 0 0 0 0 0 0 0 0 0 0 0 0 0 0 0 0 0 0 0 0 0]","[69 54 43 39 47 28 28 21  3  3  3  5  2  3  2  2  1  2  2  3  2  3  2  4
  5  8 10 15 22 24 14 20 28 25 17 10 12  5  2  5  1  3  1  1  1  1  2  1
  1  0  3  1  1  0  2  1  0  1  0  0  1  1  3  1  3  2  0  0  1  2  0  1
  0  2  1  0  1  0  2  0  2  0  2  0  1  2  1  1  0  0  1  0  0  1  0  1
  1  1  2  0  0  2  1  1  0  1  0  1  0  0  0  3  0  0  3  1  0  0  0  0
  0  0  1  0  0  0  0  0  1  0  0  1  0  0  0  1  0  0  0  2  0  0  0  1
  0  0  0  2  0  0  0  2  0  0  0  0  0  1  0  0  1  1  0  0  1  2  0  1
  0  0  0  0  2  0  0  2  1  1  0  0  0  0  0  0  0  2  0  0  0  0]"
1395,106,-90,False,0,False,True,2022-02-03 20:25,1250,50,1250,"[ 4.50049801e+00  5.98809580e+02  6.62127307e+00  1.06980975e+00
 -9.15975861e-01  1.24774839e-04 -8.87975111e-01]",0.1839459605648107,"[ 2.11968711e+02  0.00000000e+00  8.26839831e+00  1.75585076e+01
  3.96534606e+01  5.87804563e+00 -8.98217661e+06  8.98218063e+06
 -4.77999532e-02  1.54441379e-04]",5.4805600549862685,1,3,"[0 0 0 0 0 1 0 0 1 0 0 0 0 0 1 0 0 0 0 0 0 0 1 1 0 1 0 1 0 0 0 0 0 2 0 0 0
 0 0 0 0 0 0 2 0 1 0 0 1 1 1 0 1 0 0 1 0 0 0 0 1 0 1 1 0 1 0 0 0 0 0 0 0 0
 0 0 0 1 0 0 1 0 0 0 0 2 0 0 1 0 0 0 0 0 0 0 0 0 0 0 0 0 0 0 0 0 0 0 0 0 0
 0 1 2 0 0 0 0 0 0 0 0 1 0 1 0 0 0 0 0 0 0 0 1 0 0 0 0 0 0 0 0 0 0 0 1 0 0
 1 0 0 0 0 0 0 0 0 2 0 0 0 0 1 0 0 0 0 1 0 2 1 0 0 2 0 0 0 0 0 0 0 0 0 0 0
 0 0 0 0 0 0 0 0 2 0 0 0 0 0 1 0 0 0 0 0 0 0 1 0 0 0 0 0 0 0 0 0 0 0 0 0 0
 0 0 0 2 0 0 0 0 0 1 1 0 0 0 2 0 1 0 1 0 0 1 0 0 0 0 0 0 0 0 0 0 0 0 0 0 0
 0 0 0 0 0 0 0 0 0 0 0 2 0 0 0 0 0 0 1 0 0 0 0 0 0 0 0 0 1 0 2 2 1 2 2 5 5
 8 2 6 5 6 7 1 3 6 2 1 1 0 0 0 0 0 0 0 0 0 0 0 0 0 0 0 0 0 0 1 0 0 0 0 0 0
 1 0 0 2 4 1 2 1 1 0 1 2 0 0 0 0 0 0 0 0 1 0 0 0 0 0 0 1 0 0 0 0 0 0 0 0 0
 0 1 0 1 0 0 0 0 0 0 0 0 0 0 0 0 0 0 0 1 0 0 0 0 0 0 0 0 0 0 0 0 0 0 0 0 0
 0 0 0 0 0 0 0 0 0 0 0 0 0 0 0 0 0 0 0 0 0 0 0 0 0 0 1 0 0 0 0 2 0 0 0 0 0
 0 0 0 0 0 0 0 0 0 0 0 0 0 1 0 0 0 0 0 0 0 0 0 0 0 0 0 0 0 0 0 0 0 0 0 0 0
 0 0 0 0 0 0 0 0 0 0 0 0 0 1 0 0 0 0 0 0 0 0 0 0 0 0 0 0 0 0 0 0 0 0 0 1 0
 0 0 0 1 0 0 0 0 0 0 0 0 0 0 1 0 0 0 0 0 0 0 0 0 0 0 0 0 0 0 0 0 0 0 0 0 0
 0 0 0 0 0 0 0 0 0 0 0 0 0 0 0 0 0 0 0 0 0 0 0 0 0 0 0 0 0 0 0 0 0 0 0 0 0
 0 0 0 0 0 0 0 0 0 0 0 0 0 0 0 0 0 0 0 0 0 0 0 0 0 0 0 0 0 0 0 0 0 0 0 0 0
 0 0 0 0 0 0 0 0 0 2 0 0 0 0 0 0 0 0 0 0 0 0 0 0 0 0 0 0 0 0 0 0 2 0 0 0 0
 0 0 1 0 0 0 0 0 0 0 0 0 0 0 0 0 0 0 0 0 0 0 0 0 0 0 0 0 0 0 0 0 0 0 0 0 0
 0 0 0 0 0 0 0 0 0 0 0 0 0 0 0 0 0 0 0 0 0 0 0 0 0 0 0 0 0 0 0 0 0 0 0 0 0
 0 0 0 0 0 0 0 0 0 0 0 0 0 0 0 0 0 1 1 0 0 0 0 0 0 0 0 0 0 0 0 0 0 0 0 0 0
 0 0 0 0 0 0 0 0 0 0 0 0 0 0 1 0 0 0 0 0 0 0 0 0 0 0 0 0 0 0 0 0 0 0 0 0 0
 0 0 0 0 0 0 0 0 0 0 0 0 0 0 0 0 0 0 0 0 0 0 0 0 0 0 0 0 0 0 2 0 0 0 0 0 0
 0 0 0 0 0 0 0 0 0 0 0 0 0 0 0 0 0 0 0 0 0 0 0 0 0 0 0 0 0 0 0 0 0 0 0 0 0
 0 0 0 0 0 0 0 0 0 0 0 0 0 0 0 0 0 0 0 0 0 0 0 0 0 0 0 0 0 0 0 0 0 0 0 0 0
 0 0 0 0 0 0 0 0 0 0 0 0 0 0 0 0 0 0 0 0 0 0 0 0 0 0 0 0 0 0 0 0 0 0 0 0 0
 0 0 0 0 0 0 0 0 0 0 0 0 0 0 0 0 0 0 0 0 0 0 0 0 0 0 0 0 0 0 0 0 0 0 0 0 0
 0 0 0 0 0 0 0 0 0 0 0 0 0 0 0 0 0 0 0 0 0 0 0 0 0 0 0 0 0 2 0 0 0 0 0 2 0
 0 0 0 0 0 0 0 0 0 0 0 0 0 0 0 0 0 0 0 0 0 0 0 0 3 0 0 0 0 0 0 0 0 0 0 0 0
 0 0 0 0 0 0 0 0 0 0 0 0 0 0 0 0 0 0 0 0 0 0 0 0 0 0]","[68 39 22 24 31 18  9  9  3  4  5  6  4  0  2  5  1  5  2  6  5  5  6  3
  7 16 11 13 19 20 23 19 16 12 26 20  9 11  5  1  6  8  0  1  4  1  2  0
  1  2  0  1  0  2  4  5  4  1  1  3  1  2  0  1  1  0  0  1  0  2  0  1
  0  2  0  2  0  2  1  2  0  1  3  1  1  1  1  0  2  0  0  1  0  0  0  0
  1  1  0  1  0  0  0  0  1  5  2  0  1  0  1  2  1  1  0  1  2  1  0  0
  1  1  1  0  2  0  0  0  0  1  1  1  1  0  0  0  0  0  0  1  0  0  0  0
  2  0  1  0  0  1  1  0  0  0  0  0  0  1  0  1  0  0  0  0  0  0  0  0
  1  0  1  0  0  2  0  3  0  0  0  0  0  0  0  0  0  0  1  0  0  2]"
1395,107,-90,False,0,False,True,2022-02-03 20:25,1250,50,1250,"[ 7.18535845e+00  5.95370308e+02  4.12969494e+00 -8.59186351e-01
  1.04186855e+00  2.22220110e-04  1.13070254e+00]",0.21111059860173972,"[ 1.62896337e+02  0.00000000e+00  1.01164806e+01  2.03799686e+01
  3.89417582e+01  5.85852428e+00 -6.94257417e+07  6.94257467e+07
 -6.57829495e-02  2.22078861e-04]",6.998079913357791,1,3,"[ 0  1  0  1  1  0  0  1  0  1  0  0  0  1  0  0  0  2  0  1  1  0  0  2
  0  0  0  0  0  1  0  0  0  2  1  0  0  0  0  0  0  0  3  0  1  0  0  2
  0  0  0  0  0  0  3  1  0  1  0  0  0  0  0  0  0  1  0  0  0  0  0  0
  0  2  0  1  0  0  0  0  0  0  0  0  0  0  1  0  0  2  0  0  0  0  0  0
  2  0  0  0  0  1  0  0  0  2  1  0  0  0  0  0  0  0  0  0  0  0  0  0
  1  2  0  0  0  0  0  0  0  0  0  0  0  0  0  0  1  0  0  0  0  0  0  1
  0  0  1  0  0  1  0  0  1  0  0  2  0  1  0  0  0  1  0  0  0  0  0  0
  0  0  0  0  0  0  0  1  0  0  0  0  1  0  0  0  0  0  0  2  0  0  0  0
  1  0  0  0  0  0  0  0  0  1  0  0  0  0  0  0  0  0  0  0  0  0  0  0
  0  0  0  0  0  0  0  0  0  0  1  1  1  0  1  0  0  0  0  0  1  0  0  1
  1  0  0  0  0  0  0  0  0  0  0  0  0  0  0  0  1  0  1  0  0  0  0  0
  0  0  1  0  1  0  0  0  0  0  0  0  0  0  0  1  1  1  0  0  1  5  2  2
  0  0  4  2  3  1 11  6  6  4  4  0  2  1  0  1  0  0  0  0  0  0  0  0
  0  0  0  0  0  0  0  0  0  0  1  0  1  0  0  3  1  0  1  2  2  2  1  0
  0  3  0  1  2  1  0  1  0  1  0  0  0  1  0  1  2  0  0  0  0  0  0  0
  0  0  0  0  0  0  0  0  0  0  0  0  0  0  0  0  0  0  0  0  1  0  0  0
  0  0  0  0  0  0  0  0  0  0  0  0  0  2  0  0  0  0  0  0  0  0  0  0
  0  0  0  0  0  0  0  0  0  0  0  0  0  0  1  0  0  0  0  0  0  0  0  0
  0  0  0  0  0  0  0  0  0  0  0  0  0  0  0  0  0  0  0  0  0  0  0  0
  0  0  0  0  0  0  0  0  0  0  0  0  0  0  0  0  0  0  0  0  0  0  0  0
  0  0  0  0  0  0  0  0  0  0  0  0  0  0  0  0  1  0  0  0  0  0  0  0
  0  0  0  0  0  0  0  0  0  0  0  0  0  0  0  0  0  0  0  0  0  0  0  0
  0  0  0  0  0  0  0  0  0  0  0  0  0  0  0  0  0  0  0  0  0  0  0  0
  0  0  0  0  0  0  0  0  0  0  0  0  0  0  0  0  0  0  0  0  0  0  0  0
  0  0  0  0  0  0  0  0  0  0  0  0  0  0  0  0  0  0  0  0  0  0  0  0
  0  0  0  0  0  0  0  0  0  0  0  0  0  0  0  1  0  0  0  0  0  0  0  0
  0  0  0  0  0  0  0  0  0  0  0  0  0  0  0  0  0  0  0  0  0  0  0  0
  0  0  0  0  0  0  0  0  0  0  0  0  0  0  0  0  0  0  0  0  0  0  0  0
  0  0  0  0  0  0  0  0  0  0  0  0  0  0  0  0  0  0  0  0  0  0  0  0
  0  0  0  0  0  0  0  0  0  0  0  0  0  0  0  0  0  0  0  0  0  0  0  0
  0  0  0  0  0  0  0  0  0  0  0  2  0  0  0  0  0  0  0  0  0  0  0  0
  0  0  0  0  0  0  0  0  0  0  0  0  0  0  0  0  0  0  0  0  0  0  0  0
  0  0  0  0  0  0  0  0  0  0  0  0  0  0  0  0  0  0  0  0  0  0  0  0
  0  0  2  0  0  0  0  0  0  0  0  0  0  0  0  0  0  0  0  0  0  0  0  0
  0  0  0  0  0  0  0  0  0  0  0  0  0  1  0  0  0  0  0  0  0  0  0  0
  0  0  0  0  0  0  0  0  0  0  0  0  0  0  0  0  0  0  0  0  0  0  0  0
  1  0  0  0  0  0  0  0  0  0  0  0  0  0  0  0  0  0  0  0  0  0  0  0
  0  0  0  0  0  0  0  0  0  0  0  0  0  0  0  0  0  0  0  0  0  0  0  0
  0  0  0  0  0  0  0  0  0  0  0  0  0  0  0  0  0  0  0  0  0  0  0  0
  0  0  0  0  0  0  0  0  0  0  0  0  0  0  0  0  0  0  0  0  0  0  0  0
  0  0  0  0  0  0  0  0  0  0  0  0  0  0  0  0  0  0  0  0  0  0  0  0
  0  0  0  0  0  0  0  0  0  0  0  0  0  0  0  0  0  0  0  0  0  0  0  0
  0  0  0  0  0  0  0  0  0  0  0  0  0  0  0  0  0  0  0  0  0  0  0  0
  0  0  0  0  0  0  0  0  0  0  0  0  0  0  0  0  0  0  0  0  0  0  0  0
  0  0  0  0  0  0  0  0  0  0  0  0  0  0  0  0  0  0  0  0  0  0  0  0
  0  0  0  0  0  0  0  0  0  0  0  0  0  0  0  0  0  0  0]","[85 42 48 37 39 26 17 19 13  6 12  5  5  7 13  7  3  4  7  3  5  6  4  8
 13 12 20 25 17 23 23 26 15 20 25 15 22  7  3  1  4  1  5  0  0  2  0  2
  1  1  0  2  3  5  1  3  1  2  4  1  2  2  0  0  1  1  0  3  1  0  1  0
  3  1  0  1  0  0  2  2  2  1  1  1  1  2  1  0  1  0  1  1  0  2  0  0
  1  2  0  0  1  0  0  1  0  0  0  0  1  0  0  1  1  0  1  0  0  0  0  0
  0  1  0  0  0  2  0  0  0  2  0  0  1  2  0  0  0  3  1  0  0  0  0  0
  0  1  0  0  0  0  0  0  0  0  1  0  0  1  0  0  2  0  0  0  1  0  0  1
  0  1  0  0  0  0  0  0  0  2  1  0  0  0  0  0  0  0  0  0  0  0]"
1395,113,-90,False,0,False,True,2022-02-03 20:25,1250,50,1250,"[ 5.85671837e+00  5.99720184e+02  4.94002353e+00 -1.64733937e+00
  1.74990501e+00  2.06441365e-04  1.89157831e+00]",0.12154681938704132,"[ 1.14762401e+02  0.00000000e+00  1.12636715e+01  1.47989171e+01
  4.03248440e+01  5.62556508e+00 -6.39609794e+06  6.39609759e+06
  1.85339079e-02 -8.33769100e-05]",4.301439625156614,1,3,"[0 0 0 1 0 0 1 0 0 0 1 0 0 1 0 0 1 0 1 0 0 0 1 0 0 0 0 1 0 0 0 0 0 1 0 0 0
 0 0 0 0 1 0 0 0 0 0 0 1 1 0 0 0 0 0 0 3 0 0 0 0 0 0 1 0 1 0 0 0 0 0 0 0 1
 0 0 0 0 0 0 0 0 0 2 0 0 0 1 0 0 0 0 0 0 0 0 0 0 0 0 0 0 0 0 0 2 0 0 0 1 0
 0 0 0 2 0 1 0 1 1 3 0 0 0 0 0 0 0 0 0 0 0 0 1 0 0 0 0 0 0 0 0 0 0 0 0 0 0
 0 0 0 0 0 0 0 0 0 0 0 0 0 0 0 0 1 0 0 0 1 0 0 0 0 0 1 1 0 0 0 0 1 0 0 0 0
 0 0 0 0 0 0 0 0 0 2 0 0 0 0 0 1 0 1 0 0 0 0 1 0 1 0 0 0 0 0 0 1 0 0 0 0 0
 0 0 0 0 0 0 0 0 0 0 1 1 0 0 0 0 0 0 0 0 0 0 0 0 0 2 2 0 0 0 0 0 0 0 0 0 0
 0 0 0 0 1 0 0 0 0 0 0 0 0 0 0 0 0 1 0 0 0 1 1 0 0 0 1 0 0 0 0 1 0 1 1 3 1
 2 4 3 4 3 6 1 3 0 1 1 0 1 1 0 0 0 0 0 0 0 0 0 0 0 0 0 0 0 1 0 0 1 0 0 0 0
 1 1 3 2 0 3 0 1 2 2 0 1 1 2 0 0 0 0 0 0 0 0 0 0 0 0 0 0 0 0 0 1 0 0 0 0 0
 0 0 0 0 0 0 0 0 0 0 0 0 0 0 0 0 0 0 0 0 0 0 1 0 0 0 0 0 0 0 0 0 0 0 0 0 0
 0 0 0 0 0 0 0 0 0 0 0 0 0 0 0 0 0 0 0 0 1 0 0 0 0 0 0 0 0 0 0 0 0 0 0 0 0
 0 0 0 0 0 1 0 0 0 0 0 0 0 0 0 0 0 0 0 0 1 0 0 0 0 0 0 0 0 0 0 0 0 0 0 0 0
 0 0 0 0 0 0 0 0 0 0 0 0 0 0 0 0 0 0 0 0 0 0 0 0 0 0 0 0 0 0 0 0 0 0 0 0 0
 0 0 0 0 0 0 0 0 0 0 0 0 0 0 0 0 0 0 0 1 0 0 0 0 0 0 0 0 0 0 0 0 0 0 0 0 0
 0 0 0 0 0 0 0 0 0 0 0 0 0 0 0 0 0 0 0 0 0 0 0 0 0 0 0 0 0 0 0 1 0 0 0 0 0
 0 0 0 0 0 0 0 0 0 0 0 0 0 0 0 0 0 0 0 0 0 0 0 0 0 0 0 0 0 0 0 0 0 0 0 0 0
 0 0 0 0 0 0 0 0 0 0 0 0 0 0 0 0 0 0 0 0 0 0 0 1 0 0 0 0 0 0 0 0 0 0 0 0 0
 0 0 0 0 0 0 0 0 0 0 0 0 0 0 0 0 0 0 0 0 0 0 0 0 0 0 0 0 0 0 0 0 0 0 0 0 0
 0 0 0 0 0 0 0 0 0 0 0 0 0 0 0 0 0 0 0 0 0 0 0 0 0 0 0 0 0 0 0 0 0 0 0 0 0
 0 0 0 0 0 0 0 0 0 0 0 0 0 0 0 0 0 0 0 0 0 0 0 0 0 0 0 0 0 0 0 0 0 0 0 0 0
 0 0 0 0 0 0 0 0 0 0 0 0 0 0 0 0 0 0 0 0 0 0 0 0 0 0 0 0 0 0 0 0 0 0 0 0 0
 0 0 0 0 0 0 0 0 0 0 0 0 0 0 0 0 0 0 0 0 0 0 0 0 0 0 0 0 0 0 0 0 0 0 0 0 0
 0 0 0 0 0 0 0 0 0 0 0 0 0 0 0 0 0 0 0 0 0 0 0 0 0 0 0 0 0 0 0 0 0 0 0 0 0
 0 0 0 0 0 0 0 0 0 0 0 0 0 0 0 0 0 0 0 0 0 0 0 0 0 0 0 0 0 0 0 0 0 0 0 0 0
 0 0 0 0 0 0 0 0 0 0 0 0 0 0 0 0 0 0 0 0 0 0 0 0 0 0 0 0 0 0 0 0 0 0 0 0 0
 0 0 0 0 0 0 0 0 0 0 0 0 0 0 0 0 0 0 0 0 0 0 0 0 0 0 0 0 0 0 0 0 0 0 0 0 0
 0 0 0 0 0 0 0 0 0 0 0 0 0 0 0 0 0 0 0 0 0 0 0 0 0 0 0 0 0 0 0 0 0 0 0 0 0
 0 0 0 0 0 0 0 0 0 0 0 0 0 0 0 0 0 0 0 0 0 0 0 0 0 0 0 0 0 0 0 0 0 0 0 0 0
 0 0 0 0 0 0 0 0 0 0 0 0 0 0 0 0 0 0 0 0 0 0 0 0 0 0]","[67 55 33 47 41 32 29 20  7  4  3  2  0  1  2  2  1  1  3  5  0  4  1  0
  6  5  8  7  8  7 16 14 16 16 16 14 10  7  8  2  4  5  1  3  2  5  1  2
  0  1  2  0  2  0  0  2  0  0  1  0  2  1  1  2  1  0  1  0  1  0  0  0
  0  0  0  1  0  0  1  0  1  2  0  2  0  0  0  1  1  1  1  0  1  0  0  1
  1  2  0  0  0  0  0  0  3  3  0  2  0  3  1  1  0  1  0  2  0  1  0  0
  0  1  0  0  0  0  0  0  0  1  0  0  2  1  2  0  2  0  0  0  1  0  0  0
  0  1  0  0  0  0  0  0  0  1  0  0  1  0  0  0  0  0  0  0  0  1  0  0
  0  0  0  1  1  0  0  0  0  1  0  1  0  1  0  1  1  1  0  0  0  0  2]"
1395,114,-90,False,0,False,True,2022-02-03 20:25,1250,50,1250,"[3.73740427e+00 5.90307429e+02 8.25977393e+00 7.27261021e-02
 1.04691987e-01 4.61850471e-05 3.37554788e-02]",0.17231485925314097,"[ 8.25523337e+01  0.00000000e+00  1.07805059e+01  1.96725638e+01
  3.93584944e+01  5.86122008e+00  3.73235511e+07 -3.73235515e+07
  2.29460645e-02 -1.10220060e-04]",4.236877304539543,1,3,"[0 0 0 0 1 0 2 0 0 0 1 0 0 1 1 0 1 0 0 0 0 0 0 0 0 1 0 0 0 0 0 0 0 0 0 1 0
 0 1 0 0 0 0 0 1 1 2 0 0 0 0 0 0 0 1 0 1 0 0 0 0 0 0 1 0 1 0 0 0 0 0 0 0 0
 1 0 0 0 0 1 1 0 0 0 1 0 0 0 0 1 0 0 0 1 0 0 0 0 1 0 0 0 0 0 1 0 0 0 0 0 0
 0 1 0 0 0 0 0 0 1 1 1 1 0 0 0 0 0 0 0 1 1 0 0 0 0 0 1 1 1 0 0 0 0 0 0 0 0
 0 0 0 0 0 0 1 0 2 0 0 0 0 0 0 0 0 0 0 0 0 0 0 0 0 0 0 0 0 0 0 0 0 0 0 0 0
 0 0 1 0 1 0 0 0 0 0 1 0 0 0 0 0 0 0 0 0 0 0 1 0 0 0 0 2 0 0 0 0 0 0 0 0 0
 0 0 0 0 0 0 0 0 0 2 0 0 1 0 0 0 0 0 0 0 0 0 0 0 1 0 0 0 0 0 0 0 0 0 0 0 0
 0 1 0 0 0 0 1 0 0 0 0 1 0 0 0 0 0 4 1 0 0 1 2 0 0 4 2 5 5 5 1 3 3 3 5 1 4
 5 1 1 0 1 0 1 0 0 1 0 0 0 0 0 1 0 0 0 0 0 0 0 0 0 0 1 1 1 0 2 0 1 0 2 0 1
 0 0 0 0 3 0 1 0 0 0 0 0 0 0 0 0 0 0 0 0 0 0 0 0 0 0 0 0 0 0 0 0 0 0 0 0 0
 0 0 0 0 0 0 0 0 0 0 0 0 0 0 0 0 0 0 0 0 0 0 0 0 0 0 0 1 0 0 0 0 0 0 0 0 0
 0 0 0 0 0 0 0 0 0 0 0 0 0 0 0 0 0 0 0 0 0 0 0 0 0 0 0 0 0 0 0 0 0 0 0 0 0
 0 0 0 1 0 0 0 0 0 1 0 0 0 0 0 0 0 0 0 0 0 0 0 0 0 0 0 0 0 0 0 0 1 0 0 0 0
 0 0 0 0 0 0 0 0 0 0 0 0 0 0 0 0 0 0 0 0 0 0 0 0 0 0 0 0 0 0 0 1 0 0 0 0 0
 0 0 0 0 0 1 0 0 0 0 0 0 0 0 0 0 0 0 0 0 0 0 0 0 0 0 2 0 0 0 0 0 0 0 0 0 0
 0 0 0 0 0 0 0 0 0 0 2 0 0 0 0 0 0 0 0 0 0 0 0 0 0 0 0 0 0 0 0 0 0 0 0 0 0
 0 0 0 0 0 0 0 0 0 0 0 0 0 0 0 1 0 0 0 0 0 0 0 1 0 0 0 0 0 0 0 0 0 0 0 0 0
 0 0 0 0 0 0 0 0 0 0 0 0 0 0 0 0 0 0 0 1 0 0 0 0 0 0 0 1 0 0 0 1 0 0 0 0 0
 0 0 0 0 0 0 0 0 0 0 0 0 0 0 0 0 0 0 0 0 0 0 1 0 0 0 0 0 0 0 0 0 0 0 0 0 0
 0 0 1 0 0 0 0 0 0 0 0 0 0 0 0 0 0 0 0 0 0 0 0 0 0 0 0 0 0 0 0 0 0 0 0 0 0
 0 0 0 0 0 0 0 0 1 0 0 0 0 0 0 0 0 0 0 0 0 0 1 0 0 0 0 0 0 0 0 0 0 0 0 1 0
 0 0 0 0 0 0 0 0 0 0 1 0 0 0 0 0 0 0 0 0 0 0 0 0 0 0 0 0 0 0 0 0 0 0 0 0 0
 0 0 0 0 0 0 0 0 0 0 0 0 0 0 0 0 0 0 0 0 0 0 0 0 0 0 0 0 0 0 0 0 0 0 0 0 0
 0 0 0 0 0 0 0 0 0 0 0 0 0 0 0 1 0 0 0 0 0 0 0 0 0 0 0 0 0 0 0 0 0 0 0 0 0
 1 0 0 0 0 0 0 0 0 0 0 0 0 0 0 0 1 0 0 0 0 0 0 0 1 0 0 0 0 0 0 0 0 0 0 0 0
 0 0 0 0 0 1 0 0 0 0 0 0 0 0 0 0 0 0 0 0 0 0 0 0 0 0 0 0 0 0 0 0 0 0 0 0 0
 0 0 0 0 0 0 0 1 0 0 0 0 0 0 0 0 0 0 0 0 0 0 0 0 0 0 0 0 0 0 0 0 0 0 0 0 0
 0 0 0 0 0 0 0 0 0 0 0 0 0 0 0 0 0 0 0 0 0 0 0 0 0 0 0 0 1 0 0 0 0 0 4 1 0
 0 0 0 0 0 0 0 0 0 0 0 0 0 0 0 0 0 2 0 0 0 0 0 0 0 0 0 0 0 0 0 0 0 0 0 0 0
 0 0 0 0 0 0 0 0 0 0 0 0 0 0 0 0 0 0 0 0 0 0 0 0 0 0]","[40 23 28 27 16 24 11  2  0  2  0  4  0  2  1  2  1  1  3  0  4  1  1  7
 11  7 14 21 14 12 25 24 17 18 22  7 10  9  5  3  3  3  5  1  0  5  1  1
  0  0  4  1  4  1  0  3  0  1  1  2  3  1  3  0  2  0  2  1  0  0  0  0
  2  1  0  1  0  0  0  1  0  2  0  4  1  1  1  1  0  1  0  2  1  2  3  0
  1  0  0  0  1  0  1  1  0  0  0  1  0  0  0  0  0  0  0  0  0  0  0  0
  0  1  0  1  0  0  1  0  1  0  0  0  0  0  0  0  0  1  0  0  2  1  0  0
  1  0  2  0  0  0  1  0  2  0  1  2  1  0  0  0  1  0  1  0  0  0  0  0
  0  0  1  0  0  2  0  0  0  0  0  1  0  2  0  0  0  0  0  1  0  0]"
1395,115,-90,False,0,False,True,2022-02-03 20:25,1250,50,1250,"[ 4.81221911e+00  5.95774738e+02  6.17812598e+00 -2.31371729e-01
  3.58458257e-01  8.72842682e-05  4.05226650e-01]",0.19075100858030702,"[ 1.75885566e+02  0.00000000e+00  1.10253128e+01  1.75320204e+01
  3.85047651e+01  7.07592952e+00  1.56508155e+08 -1.56508156e+08
  4.09545520e-02 -1.69229109e-04]",6.141835804301933,1,3,"[0 0 0 0 0 0 0 0 1 0 3 0 0 0 0 3 0 0 0 0 0 0 1 0 0 0 0 0 0 0 0 0 0 0 0 0 1
 0 1 0 1 0 1 0 0 0 0 0 0 0 0 1 0 1 1 0 1 0 1 2 0 0 2 0 0 0 1 1 0 0 0 0 0 0
 0 0 0 0 0 0 0 0 0 0 0 0 0 0 0 0 0 1 0 0 1 0 0 0 0 0 0 0 0 0 0 0 0 0 0 0 0
 0 1 0 0 0 0 0 0 0 0 0 0 1 0 0 0 1 0 0 0 0 0 0 0 2 0 0 0 0 0 0 0 0 0 0 0 0
 0 0 0 0 0 0 0 0 0 0 0 0 0 0 0 0 0 0 0 0 0 2 0 0 0 0 0 0 0 0 0 0 0 0 0 0 0
 0 1 0 0 0 1 1 0 0 0 0 1 0 0 0 0 0 0 0 0 0 0 0 0 0 0 0 0 0 0 2 0 0 0 0 0 0
 0 0 0 0 0 0 0 0 0 0 0 0 0 0 0 0 0 0 0 0 0 0 0 0 0 0 0 0 1 0 0 0 0 0 0 0 0
 0 0 1 0 1 0 0 0 2 0 0 0 0 0 0 0 0 0 0 2 0 0 0 1 0 0 0 2 1 1 3 2 5 1 2 5 5
 4 7 2 4 2 2 1 0 2 0 0 0 0 0 0 0 0 0 0 0 0 0 0 0 0 0 0 0 1 0 0 0 1 0 1 2 0
 0 1 2 4 2 1 2 0 1 2 0 0 1 1 0 1 0 0 0 0 0 0 0 0 0 0 0 0 0 0 0 0 0 0 0 0 0
 0 0 0 0 0 0 0 0 0 0 0 0 0 0 0 0 1 0 0 0 0 0 0 0 0 0 1 0 0 0 0 0 0 0 0 0 0
 0 0 0 0 1 0 1 0 0 0 0 0 0 0 0 0 0 0 0 0 0 0 0 0 0 0 0 0 0 0 0 0 0 0 0 0 0
 0 0 0 0 0 0 0 0 0 0 0 0 0 0 0 0 0 0 0 0 0 0 0 0 0 0 0 0 0 0 0 0 0 0 0 0 0
 0 0 0 0 0 0 0 0 0 0 0 0 0 0 0 0 1 0 0 0 0 1 0 0 1 0 0 0 0 0 0 0 0 0 0 0 0
 0 0 0 0 0 0 2 0 0 0 0 0 0 0 0 0 0 0 0 0 0 0 0 2 0 0 0 0 0 0 0 0 0 0 0 0 3
 0 0 0 0 0 0 0 0 0 0 0 0 0 1 0 0 0 0 0 0 0 0 0 0 0 0 0 0 0 0 0 0 0 0 0 0 0
 0 0 1 0 1 0 0 0 0 0 0 0 0 0 0 0 0 0 0 0 0 0 0 0 0 0 0 0 0 0 0 0 0 0 0 0 0
 0 0 0 0 0 0 0 0 0 0 0 0 0 0 0 0 0 0 0 0 0 0 0 0 0 0 0 0 0 0 0 0 0 0 0 0 0
 0 0 0 0 0 0 0 0 0 0 0 0 0 0 1 0 0 0 0 0 0 0 0 0 0 0 0 1 0 0 0 0 0 0 0 0 0
 0 0 0 0 0 0 0 1 0 0 0 0 0 1 0 0 0 0 0 0 0 0 0 0 0 0 0 0 1 0 0 0 0 0 0 0 0
 0 0 0 0 0 0 0 0 0 0 0 0 0 1 0 0 1 0 0 0 0 0 0 0 0 0 0 0 0 0 0 0 0 0 0 0 0
 0 0 0 0 0 0 0 0 0 0 0 0 0 0 0 0 0 0 0 0 0 0 0 0 0 0 0 0 0 0 0 0 0 0 0 0 0
 0 0 1 0 0 0 1 1 0 0 0 0 0 0 0 0 0 0 0 0 0 0 0 0 0 0 0 0 0 0 0 0 0 0 0 1 0
 0 0 0 0 0 0 0 0 0 0 0 0 0 0 0 0 0 0 0 0 0 0 0 0 1 0 0 0 0 0 0 0 0 0 0 0 0
 0 0 0 0 0 0 0 0 0 0 0 0 0 0 0 0 0 0 0 0 0 0 0 0 0 0 0 0 0 1 0 0 2 0 0 0 0
 0 0 0 0 0 0 0 0 0 0 0 0 0 0 0 0 0 0 0 0 0 0 0 0 0 0 0 0 0 0 0 0 0 0 0 0 0
 0 1 0 0 0 3 0 0 0 0 0 0 0 0 0 0 0 0 0 0 0 0 0 0 0 0 0 0 0 0 0 0 0 0 0 0 0
 0 0 0 0 0 0 0 0 0 0 0 0 0 0 0 0 0 1 0 0 0 0 0 0 0 1 0 0 0 0 0 0 0 2 0 0 0
 1 0 0 0 0 0 0 0 0 0 0 0 0 0 0 0 0 1 0 1 0 0 0 0 0 0 0 0 0 0 0 2 0 0 0 0 0
 0 0 0 0 0 0 0 2 0 0 0 0 0 0 0 0 0 0 0 0 0 0 0 0 0 0]","[84 61 55 50 51 41 29  9  5  2  2  1  2  0  1  0  2  0  5  5  2  9  9  3
  7 11 18 13 19 18 17 16 26 15 14 10  5  7  8  3  3  4  1  1  9  1  4  0
  0  2  0  1  1  0  1  1  4  2  0  0  1  3  0  1  2  1  0  2  0  2  0  2
  1  1  0  2  0  2  3  2  2  0  0  0  0  3  0  1  0  0  0  1  0  2  0  1
  0  3  0  1  0  0  3  2  2  2  0  0  1  0  0  0  2  1  0  0  1  0  0  0
  0  0  0  0  0  1  1  0  0  3  0  0  0  0  1  0  0  1  0  0  0  0  0  0
  1  0  0  1  0  1  0  0  0  0  2  1  0  0  0  0  1  0  0  0  2  0  0  0
  0  0  0  2  1  0  0  1  0  0  1  0  2  0  0  0  0  0  0  0  1  1]"
1395,116,-90,False,0,False,True,2022-02-03 20:25,1250,50,1250,[ 4.34499386e-02 -3.18674662e-05  1.00000000e+00],0.01970150883658496,"[ 5.37148427e+02  0.00000000e+00  8.23159317e+00 -8.05990922e+01
  1.03433028e+01  2.48520661e+00 -1.90260199e+07  1.90260219e+07
 -2.67933648e-02  9.12209240e-05]",11.8041900720927,0,0,"[0 0 0 0 0 0 0 0 0 0 0 0 0 0 0 0 0 0 0 0 0 0 0 0 0 0 0 0 0 0 0 0 0 0 0 0 0
 0 0 0 0 0 0 0 0 0 1 0 0 0 0 0 0 0 0 0 0 0 0 0 0 0 0 0 0 0 0 0 0 0 0 0 1 0
 0 1 0 0 0 1 0 0 0 0 0 0 0 0 0 0 0 0 0 1 0 0 0 0 0 0 0 0 0 0 0 0 0 0 0 0 0
 0 0 0 0 0 0 0 0 0 0 0 0 0 0 0 0 0 0 0 1 0 0 0 0 0 0 0 0 0 0 0 0 0 0 0 0 0
 0 0 0 0 0 0 0 0 0 0 0 0 0 0 0 0 0 0 0 0 0 0 0 0 0 0 0 0 0 0 0 0 0 0 0 0 0
 0 0 0 0 0 0 0 0 0 0 0 0 0 1 0 0 0 0 0 0 0 0 0 0 0 0 0 0 0 0 0 0 0 0 0 0 0
 0 0 0 0 0 0 0 0 0 0 0 0 0 0 0 0 0 0 0 0 0 0 0 0 0 0 0 0 0 0 0 1 0 0 0 0 0
 0 0 0 0 0 0 0 0 0 0 0 0 0 0 0 0 0 0 0 0 0 0 0 0 0 0 0 0 1 0 0 0 0 0 0 0 0
 0 0 0 0 0 0 0 0 0 0 1 0 0 0 0 0 0 0 0 0 0 0 0 0 0 0 0 0 0 0 0 0 0 0 0 0 0
 0 0 0 0 0 0 0 0 0 0 0 0 0 0 0 0 0 0 0 0 0 0 0 0 0 0 0 0 0 0 0 0 0 0 0 0 0
 1 0 0 0 0 0 0 0 0 0 0 0 0 0 0 0 0 0 0 0 0 0 0 0 0 0 0 0 0 0 0 0 0 0 0 0 0
 0 0 0 0 0 0 0 0 0 0 0 0 0 0 0 0 0 0 0 0 0 0 0 0 0 0 0 0 0 0 0 0 0 0 0 0 0
 0 0 0 0 0 0 2 0 0 0 0 0 0 0 0 0 0 0 0 0 0 0 0 0 0 0 0 0 0 0 0 0 0 0 0 0 0
 0 0 0 0 0 0 0 0 0 0 0 0 0 0 0 0 0 0 0 0 0 0 0 0 0 0 0 0 0 0 0 0 0 0 0 0 0
 0 0 0 0 0 0 0 0 0 0 0 0 0 0 0 0 0 0 0 0 0 0 0 0 0 0 0 0 0 0 0 0 0 0 0 0 0
 0 0 0 0 0 0 0 0 0 0 0 0 0 0 0 0 0 0 0 0 0 0 1 0 0 0 0 0 0 0 0 0 0 0 0 0 0
 0 0 0 0 0 0 0 0 0 0 0 0 0 0 0 0 0 0 0 0 0 0 0 0 0 0 0 0 0 0 0 0 0 0 0 0 0
 0 0 0 0 0 0 0 0 0 0 0 0 0 0 0 0 0 0 0 0 0 0 0 0 0 0 0 0 0 0 0 0 0 0 0 0 0
 0 0 0 0 0 0 0 0 0 0 0 0 0 0 0 0 0 0 0 0 0 0 0 0 0 0 0 0 0 0 0 0 0 0 0 0 0
 0 0 0 0 0 0 0 2 1 0 0 0 0 0 0 0 0 0 0 0 0 0 0 0 0 0 0 0 0 0 0 0 0 0 0 0 0
 0 0 0 0 0 0 0 0 0 0 0 0 0 0 0 0 0 0 0 0 0 0 0 0 0 0 0 0 0 0 0 0 0 0 0 0 0
 0 0 0 0 0 0 0 0 0 0 0 0 0 0 0 0 0 0 0 0 0 0 0 0 0 0 0 0 0 0 0 0 0 0 0 0 0
 0 0 0 0 0 0 0 0 0 0 0 0 0 0 0 0 0 0 0 0 0 0 0 0 0 0 1 0 0 0 0 0 0 0 0 0 0
 0 0 0 0 0 0 0 0 0 0 0 0 0 0 0 0 0 0 0 0 0 0 0 0 0 0 0 0 0 0 0 0 0 0 0 0 0
 0 0 0 0 0 0 0 0 0 0 0 0 0 0 0 0 0 0 0 0 0 0 0 0 0 0 0 0 0 0 0 0 0 0 0 0 0
 0 0 0 0 0 0 0 0 0 0 0 0 0 0 0 0 0 0 0 0 0 0 0 0 0 0 0 0 0 0 0 0 0 0 0 0 0
 0 0 0 0 0 0 0 0 0 0 0 0 0 0 0 0 0 0 0 0 0 0 0 0 0 0 0 0 0 0 0 0 0 0 0 0 0
 0 0 0 0 0 0 0 0 0 0 0 0 0 0 0 0 0 0 0 0 0 0 0 0 0 0 0 0 0 0 0 0 0 0 0 0 0
 0 0 0 0 0 0 0 0 0 0 0 0 0 0 0 0 0 0 0 0 0 0 0 0 0 0 0 0 0 0 0 0 0 0 0 0 0
 0 0 0 0 0 0 0 0 0 0 0 0 0 0 0 0 0 0 0 0 0 0 0 0 0 0]","[324 303 226 141  50  39  19  18  12   5  10  18  10   6   6   6   4   8
   3   0   3   2   2   2   2   2   1   2   1   2   0   0   1   0   0   1
   0   3   3   0   1   1   1   0   2   0   0   1   0   0   1   0   1   2
   1   0   0   0   0   0   0   3   0   1   0   0   0   0   0   0   0   0
   0   0   0   0   0   0   0   0   0   0   0   1   1   0   0   0   0   0
   0   0   1   1   0   0   1   0   0   0   0   0   1   0   0   0   0   0
   0   0   0   0   0   0   0   0   0   0   0   0   0   0   0   0   0   1
   0   0   0   0   0   0   0   0   0   0   0   2   1   0   0   0   1   0
   0   0   0   0   0   0   0   1   0   0   0   0   0   0   0   1   0   0
   0   0   0   0   0   0   0   0   0   0   0   0   0   0   0   0   0   0
   0   0   0   0   0   0   1   0   0   0   1   0   0   0]"
1395,121,-90,False,0,False,True,2022-02-03 20:25,1250,50,1250,[ 2.51555268e-01 -1.97578342e-04  1.00000000e+00],0.114945600775541,"[ 6.05247455e+01  0.00000000e+00  1.07347464e+01  1.35974696e+01
  3.91785028e+01  5.16810881e+00 -4.55542574e+07  4.55542584e+07
 -3.46092364e-03 -5.03262610e-06]",1.1724633379497449,0,3,"[0 0 0 0 0 1 0 0 0 0 1 0 1 1 0 0 0 0 0 1 0 0 0 0 0 0 1 0 0 1 0 0 0 0 0 1 0
 0 0 1 0 0 0 0 0 0 0 1 1 0 0 0 0 0 2 0 0 0 0 1 0 0 0 0 0 0 0 0 0 0 0 0 0 0
 0 1 1 0 1 0 0 0 1 0 0 1 0 0 0 1 0 1 0 0 1 0 0 0 0 0 0 0 0 0 0 0 0 0 0 0 0
 0 0 0 0 0 0 0 2 0 0 0 0 0 0 0 0 0 0 0 0 0 0 0 0 0 0 0 0 0 1 1 0 0 0 0 0 0
 0 0 0 0 0 0 0 0 0 0 0 1 0 0 1 0 0 0 0 0 0 2 0 0 0 0 0 0 0 0 0 0 0 0 0 0 0
 0 0 0 0 0 0 0 0 0 0 0 0 0 0 0 0 0 0 0 0 0 0 0 0 0 1 0 0 0 0 0 0 0 0 0 0 0
 0 0 1 0 0 0 0 0 0 0 0 0 0 0 0 0 0 0 1 0 0 0 0 0 0 0 0 1 2 0 0 0 0 0 0 0 0
 1 0 0 0 0 0 0 0 0 0 0 0 0 0 0 0 2 1 0 0 0 0 1 0 0 1 0 1 2 2 0 2 1 3 1 1 0
 3 1 1 2 2 1 0 2 0 0 0 0 0 0 0 0 0 0 0 0 1 0 0 0 0 0 0 0 0 0 0 0 0 0 1 1 0
 1 3 1 0 1 0 0 0 0 0 0 0 0 0 0 0 0 0 0 0 0 0 0 0 0 0 0 0 0 0 0 0 0 0 0 0 0
 0 0 0 0 0 0 0 0 0 0 0 0 0 0 0 0 0 0 0 0 0 0 0 0 0 0 0 0 0 0 0 0 0 0 0 0 0
 0 2 0 0 0 0 0 0 0 0 0 0 0 0 0 0 0 0 0 0 0 0 0 0 0 0 0 0 0 0 0 0 0 0 0 0 0
 0 0 0 0 0 0 0 0 0 0 0 0 0 0 0 0 0 0 0 0 0 0 0 0 0 0 0 0 0 0 0 0 0 0 0 0 0
 0 0 0 0 0 0 0 0 0 0 0 0 0 0 0 0 0 0 0 0 0 0 0 0 0 0 0 0 0 0 0 1 0 0 0 0 0
 0 0 0 0 0 0 0 0 0 0 0 0 0 0 0 0 0 0 0 0 0 0 0 0 0 0 0 0 0 0 0 0 0 0 0 0 0
 0 0 0 0 0 0 0 0 0 0 0 0 0 0 0 0 0 0 0 0 0 0 0 0 0 0 0 0 0 0 0 0 0 0 0 0 0
 0 0 0 0 0 0 0 0 0 0 0 0 0 0 1 0 0 0 0 0 0 0 0 0 0 0 0 0 0 1 0 0 0 0 0 0 0
 0 0 0 0 0 0 0 0 0 0 0 0 0 0 0 0 0 0 0 0 0 0 0 0 0 0 0 0 0 0 0 0 0 0 0 0 0
 0 0 0 0 0 0 0 0 0 0 0 0 0 0 0 0 0 0 0 0 0 0 0 0 0 0 0 0 0 0 0 0 0 0 0 0 0
 0 0 0 0 0 0 0 0 0 0 0 0 0 0 0 0 0 0 0 0 0 0 0 0 0 0 0 0 0 0 0 0 0 0 0 0 0
 0 0 0 0 0 0 0 0 0 0 0 0 0 0 1 0 0 0 0 0 0 0 0 0 0 0 0 0 0 0 0 0 0 0 0 0 0
 0 0 0 0 0 0 0 0 0 0 0 0 0 0 0 0 0 0 0 0 0 0 0 0 0 0 0 0 0 0 0 0 0 0 0 0 0
 0 0 0 0 0 0 0 0 0 0 2 0 0 0 0 0 0 0 0 0 0 0 0 0 0 0 0 0 0 0 0 0 0 0 0 0 0
 0 0 0 0 0 0 0 0 0 0 0 0 0 0 0 0 0 0 0 0 0 0 0 0 0 0 0 0 0 0 0 0 0 0 0 0 0
 0 0 0 0 1 0 0 0 0 0 0 0 0 0 0 0 0 0 0 0 0 0 0 0 0 0 0 0 0 0 0 0 0 0 0 0 0
 0 0 0 0 0 0 0 0 0 0 0 0 0 0 0 0 0 0 0 0 0 0 0 0 0 0 0 1 0 0 0 0 0 0 0 0 0
 0 1 0 0 0 0 0 0 0 0 0 0 0 0 0 0 0 0 0 0 0 0 0 0 0 0 0 0 0 0 0 0 0 0 0 0 0
 0 0 0 0 0 0 0 0 0 0 0 0 0 0 0 0 0 0 0 0 0 2 0 1 0 0 0 0 0 0 0 0 0 0 0 0 0
 0 0 0 0 0 0 0 0 0 0 0 0 0 0 0 0 0 1 0 0 0 0 0 0 0 0 0 1 0 0 0 0 0 0 0 0 0
 0 0 0 0 0 0 0 0 0 0 0 0 0 0 0 0 0 0 0 0 0 0 0 0 0 0]","[29 23 19 17 16 11 11  7  3  1  1  2  1  2  1  4  5  4  1  1  1  2  2  3
  4  7 11 11 12 16 12 14 16  8 12  7  4  7  5  2  3  4  1  3  0  1  0  0
  2  0  1  1  0  0  1  0  0  1  0  1  2  1  1  1  0  1  1  1  0  1  0  2
  4  0  0  0  2  0  0  1  1  0  0  1  1  0  0  2  0  0  2  0  1  0  0  1
  0  0  1  0  0  0  0  0  0  0  1  0  0  0  0  0  0  3  0  1  0  1  0  0
  0  0  3  1  3  0  1  1  0  1  1  1  0  0  0  1  1  1  1  0  0  0  1  0
  1  0  0  0  0  0  0  0  0  1  0  0  0  1  0  0  0  0  2  0  0  0  0  0
  1  0  0  0  0  0  0  0  0  0  0  0  0  1  0  0  2  0  1  1  0  0]"
1395,122,-90,False,0,False,True,2022-02-03 20:25,1250,50,1250,"[ 4.98773539e+00  5.91644730e+02  5.78122171e+00 -1.18429558e+00
  1.29715022e+00  6.68879387e-05  1.28741891e+00]",0.1235354131038193,"[ 9.54374731e+01  0.00000000e+00  9.98097386e+00  1.51395451e+01
  3.95108108e+01  4.88617903e+00  3.20475351e+07 -3.20475339e+07
 -5.63612482e-03  3.72815774e-06]",2.441004576604676,1,3,"[0 0 0 0 0 0 2 0 0 0 0 0 1 0 0 0 0 0 0 0 0 0 0 0 0 0 0 0 0 1 0 0 0 1 0 0 1
 0 0 0 0 0 0 0 0 0 0 1 0 0 0 0 0 0 0 0 0 0 0 0 0 0 0 0 1 4 0 0 0 0 2 0 0 1
 0 0 0 0 1 0 1 0 0 0 0 1 0 0 1 0 0 2 2 0 0 0 1 0 0 0 0 0 0 0 0 0 0 0 0 0 0
 0 0 0 1 0 0 0 0 0 1 0 0 0 0 1 0 0 0 0 0 0 0 0 0 0 0 0 0 0 0 0 0 0 0 0 0 0
 0 0 0 0 0 0 0 0 0 0 0 0 0 0 0 0 0 0 0 1 0 0 0 0 0 0 0 0 0 0 0 0 0 0 0 0 0
 0 0 0 0 0 0 0 0 0 0 0 0 0 0 0 0 0 0 0 0 0 0 0 0 0 0 0 0 0 0 0 0 0 0 0 0 1
 1 0 1 0 0 0 0 2 0 0 0 0 0 0 0 0 0 0 0 0 0 0 0 0 0 0 0 0 1 0 0 0 0 0 0 0 0
 0 0 1 0 0 0 0 1 0 0 0 0 0 0 0 0 0 0 0 0 1 0 0 2 0 2 4 1 2 1 2 3 4 4 6 2 1
 3 1 0 0 0 1 0 0 0 0 0 0 0 0 1 0 2 0 0 0 0 1 0 1 0 1 0 0 1 0 0 0 0 0 0 0 0
 1 2 0 1 0 0 1 0 1 1 0 0 0 0 0 0 0 0 0 0 0 0 0 0 0 0 0 0 0 0 0 0 0 0 0 0 2
 0 0 0 0 0 0 0 0 0 0 0 0 0 0 0 0 0 0 0 0 0 0 0 0 0 0 0 0 0 0 0 0 0 0 0 0 0
 0 0 0 0 0 0 0 0 0 0 0 0 4 0 0 0 0 0 0 0 0 0 0 0 0 0 0 0 0 0 0 0 0 0 0 0 0
 0 0 0 0 0 0 0 0 0 0 0 0 0 0 0 0 0 0 0 0 0 0 0 0 0 0 0 0 0 0 0 0 0 0 0 0 0
 0 0 0 0 0 0 0 0 0 0 0 0 0 0 0 0 0 0 0 0 0 0 0 0 0 0 0 0 0 0 0 0 0 0 0 0 0
 0 0 0 0 0 0 0 0 0 0 0 0 0 0 0 0 1 0 0 0 0 0 0 0 0 0 0 0 0 0 0 0 0 0 0 0 0
 0 0 0 0 0 0 0 0 0 0 0 0 0 0 0 0 0 0 0 0 0 0 0 0 0 0 0 0 0 0 0 0 0 0 0 0 0
 0 0 0 0 0 0 0 0 0 0 0 0 0 0 0 0 0 0 0 0 0 0 0 0 0 0 0 0 0 0 0 0 0 0 0 0 0
 0 0 0 0 0 0 0 0 0 0 0 0 0 0 0 0 0 0 0 0 0 0 0 0 0 0 0 0 0 0 0 0 0 0 0 0 0
 0 0 0 0 0 0 0 0 0 0 0 0 0 0 1 0 0 0 0 0 0 0 0 0 0 0 0 0 0 0 0 0 0 0 0 0 0
 0 0 0 0 0 0 0 0 0 0 0 0 0 0 0 0 0 0 0 0 0 0 0 0 0 0 0 0 0 0 0 0 0 0 0 0 0
 0 0 0 0 0 0 0 0 0 0 0 0 0 0 0 0 0 0 0 0 0 0 0 0 0 0 0 0 0 0 0 0 0 0 0 0 0
 0 0 0 0 0 0 0 0 0 0 0 1 0 0 0 0 0 0 0 0 0 0 0 0 0 0 0 0 0 0 0 0 0 0 0 0 0
 0 0 0 0 0 0 0 0 0 0 0 0 0 0 0 0 0 0 0 0 0 0 0 0 0 0 0 0 0 0 0 0 0 0 0 0 1
 0 0 0 0 0 0 0 0 1 0 0 0 0 0 0 0 0 0 0 0 0 0 0 0 0 0 0 0 0 0 0 0 0 0 0 0 0
 0 0 0 0 0 0 0 0 0 0 0 0 0 0 0 0 0 0 0 0 0 0 0 0 0 2 1 0 0 0 0 0 0 0 0 0 0
 0 0 0 0 0 0 0 0 0 0 0 0 0 0 0 0 0 0 0 0 0 0 0 0 0 0 0 0 0 0 0 0 0 0 0 0 0
 0 0 0 0 0 0 0 0 0 0 0 0 0 0 0 0 0 0 0 0 0 0 0 0 0 0 0 0 0 0 0 0 0 0 0 0 0
 0 0 0 0 0 0 0 0 0 0 0 0 0 0 0 0 0 0 0 0 0 0 0 0 0 0 0 0 0 0 0 0 0 0 0 0 0
 0 0 0 1 0 1 0 0 0 0 0 0 0 0 0 0 0 0 0 0 0 0 0 0 0 0 0 0 0 2 0 0 0 0 0 0 0
 0 0 0 0 0 0 0 0 0 0 0 0 0 0 0 0 0 0 0 0 0 0 0 0 0 0]","[42 28 23 23 23 18 11  2  1  0  2  1  0  2  5  1  2  1  1  4  1  4  1  4
  6  7  4 14 14 13 20 11 19 12 10  4  8  7  6  6  1  2  2  4  3  0  1  0
  2  0  0  1  2  0  1  3  0  0  1  0  1  0  1  1  1  0  0  0  2  0  1  1
  2  2  1  0  1  0  2  1  1  0  0  0  0  1  0  0  1  0  1  0  2  0  0  0
  0  0  1  1  1  2  2  0  2  0  2  0  0  0  2  1  0  1  0  0  1  0  0  2
  3  0  0  0  0  1  2  0  0  0  1  0  1  0  0  0  1  0  0  0  0  0  0  0
  0  3  0  0  0  0  1  0  0  0  0  1  1  1  0  0  0  0  0  0  2  2  0  0
  0  0  0  1  0  0  1  0  0  1  0  0  0  0  0  0  0  0  0  0  0  0]"
1395,123,-90,False,0,False,True,2022-02-03 20:25,1250,50,1250,"[ 2.72537947e+00  5.97582558e+02  6.08254246e+00  4.54498126e-01
 -3.15381181e-01  1.11697655e-04 -2.99835601e-01]",0.1142290474206508,"[ 1.35324465e+02  0.00000000e+00 -1.33593153e+01  1.62333664e+01
  3.87700636e+01  7.40324870e+00  1.92253735e+07 -1.92253791e+07
  1.04695809e-01 -4.05107412e-04]",15.286796575527882,1,3,"[0 0 0 0 0 0 1 0 0 0 1 0 0 0 0 0 0 0 0 0 0 0 0 0 0 0 1 0 0 2 0 1 0 0 1 0 0
 0 0 0 0 1 0 0 0 0 0 0 0 0 1 1 0 0 0 0 0 0 1 0 0 0 0 0 0 1 0 0 1 0 0 0 0 2
 0 0 1 0 0 0 1 0 0 0 0 0 0 0 0 0 0 0 1 1 0 0 1 0 0 0 1 0 0 0 0 0 0 1 1 0 1
 0 0 0 0 0 0 0 0 0 0 0 0 0 0 0 0 0 0 0 0 1 0 0 0 0 0 0 0 0 0 1 0 0 0 0 0 0
 0 1 0 0 1 0 1 0 0 0 0 0 0 1 1 0 0 0 0 1 1 0 0 0 0 0 0 0 0 0 0 0 0 0 0 0 0
 0 0 0 0 0 0 0 2 0 0 0 0 0 0 0 1 1 0 0 0 0 0 0 0 1 0 0 0 0 1 0 0 0 0 0 0 0
 1 0 0 0 0 0 0 0 1 0 0 0 0 0 0 0 0 0 0 0 0 0 0 0 1 0 0 0 0 0 0 0 0 0 0 0 0
 2 0 0 0 0 0 0 0 0 0 0 0 0 0 1 0 1 0 0 0 0 0 2 2 0 1 1 0 0 2 1 2 1 2 2 2 2
 4 1 3 6 4 0 2 2 0 0 0 0 0 0 0 0 0 0 0 0 0 0 0 0 0 0 0 1 1 0 0 0 0 1 1 2 0
 1 1 0 1 1 0 0 0 1 1 0 0 0 0 0 0 1 0 0 0 0 1 0 0 0 0 0 0 0 0 0 0 0 1 1 0 0
 0 0 0 1 0 0 0 0 0 0 0 0 0 0 0 0 0 0 0 0 0 0 0 0 0 0 1 0 0 0 0 0 0 0 1 0 0
 0 0 0 0 0 0 0 0 1 0 0 0 0 0 0 0 0 0 0 0 0 0 0 0 0 0 0 0 0 0 0 0 0 0 0 0 0
 0 0 0 0 0 0 0 0 0 0 0 1 0 0 0 0 0 0 0 0 0 0 0 0 0 0 0 0 0 0 0 0 0 0 0 0 0
 0 0 0 0 0 0 0 0 0 0 0 0 0 0 0 0 0 0 0 0 0 0 0 0 0 0 0 0 0 0 0 0 0 0 0 0 0
 0 0 0 0 0 0 0 0 0 0 0 0 0 0 0 0 0 0 0 0 0 1 0 0 0 0 0 0 0 0 0 0 0 0 0 0 0
 0 0 0 0 0 0 0 0 0 0 0 0 0 0 0 0 0 0 0 0 0 0 0 0 0 0 0 0 0 0 0 0 0 0 0 0 0
 0 0 0 0 0 0 0 0 0 0 0 0 0 0 0 0 0 0 0 0 0 0 0 0 0 0 0 0 0 0 0 0 0 0 0 0 0
 0 0 0 0 0 0 0 0 0 0 0 0 0 0 0 2 0 0 0 0 0 0 0 0 0 0 0 0 0 0 0 0 0 0 0 0 0
 0 0 0 0 0 0 0 0 1 0 0 2 0 0 0 0 0 0 0 0 0 0 0 0 0 0 0 0 0 0 0 0 0 0 0 0 0
 0 0 0 0 0 0 0 0 0 0 0 0 0 0 0 0 0 0 0 0 0 0 0 0 0 0 0 0 0 0 0 0 0 0 0 0 0
 0 0 0 0 0 0 0 0 0 0 0 0 0 0 0 0 0 0 0 0 0 0 0 0 0 0 0 0 0 0 0 0 0 0 0 0 0
 0 0 0 0 0 0 0 0 0 1 0 0 0 0 0 0 0 0 0 0 0 0 0 0 0 0 0 0 0 0 0 0 0 0 0 0 0
 0 0 0 0 0 0 0 0 0 0 0 0 0 0 0 0 0 0 0 0 0 0 0 0 0 0 0 0 0 0 0 0 0 0 0 0 0
 0 0 0 0 0 0 0 0 0 0 0 0 0 0 0 1 0 0 0 0 0 0 0 0 0 0 0 0 0 0 0 0 0 0 0 0 0
 0 0 0 0 0 0 0 0 0 0 0 0 0 0 0 0 0 0 0 0 0 0 0 0 0 0 0 0 0 0 0 0 0 0 1 0 1
 0 0 0 0 0 0 0 0 0 0 0 0 0 0 0 0 0 0 0 0 0 0 0 0 0 0 0 0 0 0 0 0 0 0 0 0 0
 0 0 0 0 0 0 0 0 0 0 0 0 0 0 0 0 0 0 0 0 0 1 0 0 0 0 0 0 0 0 0 0 0 0 0 0 0
 0 0 0 0 0 0 0 0 0 0 0 0 0 0 0 0 0 0 0 0 0 0 0 0 0 0 0 1 0 0 0 0 0 0 0 0 0
 0 0 0 0 0 0 0 0 0 0 0 0 0 0 0 0 0 0 2 0 0 0 0 0 0 0 0 0 0 0 0 0 0 0 0 0 0
 0 1 0 0 0 0 0 0 0 0 0 0 0 0 0 0 0 0 0 0 0 0 0 0 0 0]","[59 59 67 63 70 58 36 22  4  2  0  0  3  1  0  0  6  2  3  2  2  2  1  6
 10  8 15 10 10 16 17 17 14 14 13  8  7  5  7  2  4  4  2  1  2  0  1  0
  2  0  0  0  2  2  3  1  1  3  1  1  3  0  0  0  0  4  2  1  0  1  3  0
  1  1  3  0  1  1  1  2  0  1  0  0  0  0  1  0  0  1  0  0  0  0  2  1
  1  1  2  1  0  1  1  1  0  0  0  1  1  0  0  1  0  0  0  1  1  0  0  0
  0  0  0  1  2  1  0  3  0  1  0  0  2  0  0  0  0  0  0  0  0  0  0  0
  0  0  0  0  1  0  0  0  0  0  3  1  1  1  0  0  1  1  0  0  0  0  0  0
  0  0  1  0  0  1  0  0  0  1  0  1  1  0  1  2  1  0  0  0  0  0]"
1395,124,-90,False,0,False,True,2022-02-03 20:25,1250,50,1250,"[ 1.46495927e+00  6.00224131e+02  5.72412536e+00  1.65352175e+00
 -1.53359040e+00  4.71317765e-05 -1.57881143e+00]",0.09706596688954115,"[ 5.62136198e+01  0.00000000e+00  1.69399480e+01  1.24673972e+01
  3.99170532e+01  5.82880627e+00 -4.69642673e+07  4.69642683e+07
 -3.36878896e-03  4.79336640e-07]",14.844778631227088,1,3,"[0 0 0 1 1 1 0 0 0 0 0 1 0 1 0 0 0 0 1 0 0 0 0 0 1 1 0 0 0 0 0 0 1 0 3 0 0
 0 0 0 0 0 0 0 0 0 0 0 1 0 0 0 0 0 0 0 0 0 1 0 0 0 0 1 0 0 0 0 0 1 0 0 0 0
 0 0 0 0 0 0 0 1 0 0 0 0 0 2 0 0 1 0 0 0 0 0 0 0 1 0 0 0 0 0 0 0 0 0 0 0 0
 0 0 0 0 0 0 1 0 0 0 0 0 0 0 1 0 0 0 0 0 0 0 0 0 0 0 0 0 1 0 0 0 0 0 0 0 0
 0 0 0 0 1 0 0 0 0 1 0 0 0 0 0 0 0 1 0 0 0 0 0 0 0 0 0 0 0 0 0 0 0 0 0 0 0
 0 0 0 0 0 0 0 0 0 0 0 0 0 0 0 0 0 0 0 0 0 0 0 0 0 0 0 0 0 1 0 0 0 0 0 0 0
 0 0 0 0 0 0 0 0 0 0 0 0 0 0 0 1 0 0 0 0 0 0 0 0 0 0 0 0 0 0 0 0 0 0 0 0 0
 0 0 1 0 0 0 0 1 0 0 1 0 0 0 1 1 0 0 0 2 2 0 0 0 1 1 0 0 0 0 0 1 1 0 0 1 4
 4 1 2 6 0 2 4 5 3 2 0 2 1 0 0 0 0 0 0 0 0 1 0 0 0 0 0 0 0 0 1 0 0 0 0 0 0
 0 1 0 0 1 0 0 1 1 0 0 1 0 0 0 0 0 0 0 0 1 0 0 0 0 0 0 0 0 0 0 0 0 0 0 0 0
 0 0 0 0 0 0 0 0 0 0 0 0 0 0 0 0 0 0 0 0 0 0 0 0 0 0 0 0 0 0 0 0 0 0 0 0 0
 0 0 0 0 0 0 0 0 0 0 0 0 0 0 0 0 0 0 0 0 0 0 0 0 0 0 0 0 0 0 0 0 0 0 0 0 0
 0 0 0 0 0 0 0 0 0 0 0 1 0 0 0 0 0 0 0 0 0 0 0 0 1 0 0 0 1 0 0 0 0 0 0 0 0
 0 0 0 0 0 0 0 0 0 0 0 0 0 0 0 0 0 0 0 0 0 0 0 0 0 0 0 0 0 0 0 0 0 0 0 0 0
 0 0 0 0 0 0 0 0 0 0 0 0 0 0 0 0 0 0 0 0 0 0 0 0 0 0 0 0 0 0 0 0 0 1 0 0 0
 0 0 0 0 0 0 0 0 0 0 0 0 0 0 0 0 0 0 0 0 0 0 0 0 0 0 0 0 0 0 0 0 0 0 0 1 0
 0 0 0 0 0 0 0 0 0 0 0 0 0 0 0 0 0 0 0 0 0 0 0 0 0 0 0 0 0 0 0 0 0 0 0 0 0
 0 0 0 0 0 0 0 0 0 0 0 0 0 0 0 0 0 0 0 0 0 0 0 0 0 0 0 0 0 0 0 0 0 0 0 0 0
 0 0 0 0 0 0 0 0 0 0 0 0 0 0 0 0 1 0 0 0 0 0 0 0 0 0 0 0 1 0 0 0 0 0 0 0 0
 0 0 0 0 0 0 0 0 0 0 0 0 0 0 0 0 0 0 0 0 0 0 0 0 0 0 0 0 0 0 0 0 0 0 0 0 0
 0 0 0 0 0 0 0 0 0 0 0 0 0 0 0 0 0 0 0 0 0 0 0 0 0 0 0 0 0 0 0 0 0 0 0 0 0
 0 0 0 0 0 0 0 0 0 0 0 0 0 0 0 0 0 0 0 0 0 0 0 0 0 0 0 0 0 0 0 0 0 0 0 0 0
 0 0 0 0 0 0 0 0 0 0 0 0 0 0 0 0 0 0 0 0 0 0 0 0 0 0 0 0 0 0 0 0 0 0 0 0 0
 0 0 0 0 0 0 0 0 0 0 0 0 0 0 0 0 0 0 0 0 0 0 0 0 0 0 0 0 0 0 0 0 0 0 0 0 0
 0 0 0 0 0 0 0 0 0 0 0 0 0 0 0 0 0 0 0 0 0 0 0 0 0 0 0 0 0 0 0 0 0 0 0 0 0
 0 0 0 0 0 0 0 0 0 0 0 0 0 0 0 0 0 0 0 0 0 0 0 0 0 0 0 0 1 0 0 0 0 0 0 0 0
 0 0 0 0 0 0 0 0 0 0 0 0 0 0 0 0 0 0 0 0 0 0 1 0 0 0 0 0 0 0 1 0 0 0 0 0 0
 0 0 0 0 0 0 0 0 0 0 0 0 0 0 0 0 0 0 0 0 0 0 0 0 0 0 0 0 0 0 0 0 0 0 0 0 0
 0 0 0 0 0 0 0 0 0 0 0 0 0 0 0 0 0 0 0 0 0 0 0 0 0 0 0 0 0 1 0 0 0 0 0 0 0
 0 0 0 0 1 0 0 0 0 0 0 0 0 0 0 0 0 0 0 0 0 0 0 0 0 0]","[19 24 56 58 39 36 38 10 11 11  9 10  7  9 11 11  7  3  8  6  5  3  6  3
  4 11  9 11  8 12 13 17 12 14 11 12  9  8  1  2  0  2  2  2  2  1  1  0
  2  0  2  0  4  0  1  2  1  0  2  1  0  4  1  2  0  1  3  2  2  0  1  0
  1  1  1  1  1  1  2  1  2  1  2  0  0  0  1  2  1  0  0  1  0  0  0  1
  1  2  0  2  3  3  1  0  0  0  0  0  1  0  1  0  1  0  1  0  0  0  0  0
  1  1  1  0  0  0  0  1  0  0  0  0  0  0  1  0  0  2  0  0  0  0  1  1
  0  1  0  1  0  1  0  0  1  0  0  0  1  0  0  0  0  0  0  1  1  0  2  0
  1  0  1  0  0  0  0  1  1  0  0  0  0  1  0  0  0  0  0  0  0  0]"
